framework,projeto,caminho,minSdkVersion,targetSdkVersion,,api level,min,target,,,,,,,,,,,,
Android,mkch/android-wifi-connecter,/home/gabriel/Documentos/ic2/analiseDosProjetosGerais/repositorios/mkch/android-wifi-connecter/app/build.gradle,3,14,,,,,,,,,,,,,,,,
Android,benniaobuguai/android-dynamic-action,/home/gabriel/Documentos/ic2/analiseDosProjetosGerais/repositorios/benniaobuguai/android-dynamic-action/dynamicaction/build.gradle,8,17,,11,12,0,,,,,,,,,,,,
Android,aliyun/alicloud-android-demo,/home/gabriel/Documentos/ic2/analiseDosProjetosGerais/repositorios/aliyun/alicloud-android-demo/feedback_android_demo/build.gradle,9,17,,14,70,1,,,,,,,,,,,,
Android,wrapp-archive/floatlabelededittext,/home/gabriel/Documentos/ic2/analiseDosProjetosGerais/repositorios/wrapp-archive/floatlabelededittext/example/build.gradle,7,19,,15,35,0,,,,,,,,,,,,
Android,wrapp-archive/floatlabelededittext,/home/gabriel/Documentos/ic2/analiseDosProjetosGerais/repositorios/wrapp-archive/floatlabelededittext/library/build.gradle,7,19,,16,24,0,,,,,,,,,,,,
Android,arturogutierrez/Badges,/home/gabriel/Documentos/ic2/analiseDosProjetosGerais/repositorios/arturogutierrez/Badges/badges/build.gradle,8,19,,19,17,16,,,,,,,,,,,,
Android,manmal/hn-android,/home/gabriel/Documentos/ic2/analiseDosProjetosGerais/repositorios/manmal/hn-android/app/build.gradle,8,19,,21,83,13,,,,,,,,,,,,
Android,arturogutierrez/Badges,/home/gabriel/Documentos/ic2/analiseDosProjetosGerais/repositorios/arturogutierrez/Badges/sample/build.gradle,9,19,,22,0,23,,,,,,,,,,,,
Android,aliyun/alicloud-android-demo,/home/gabriel/Documentos/ic2/analiseDosProjetosGerais/repositorios/aliyun/alicloud-android-demo/man_android_demo/build.gradle,10,19,,23,30,58,,,,,,,,,,,,
Android,aliyun/alicloud-android-demo,/home/gabriel/Documentos/ic2/analiseDosProjetosGerais/repositorios/aliyun/alicloud-android-demo/httpdns_android_demo/build.gradle,11,19,,24,0,21,,,,,,,,,,,,
Android,aporter/coursera-android,/home/gabriel/Documentos/ic2/analiseDosProjetosGerais/repositorios/aporter/coursera-android/Examples2018/ContentProviderWithCursorLoader/ContentProviderWithSimpleCursorAdapter/app/build.gradle,14,19,,25,0,19,,,,,,,,,,,,
Android,flavienlaurent/singleinputform,/home/gabriel/Documentos/ic2/analiseDosProjetosGerais/repositorios/flavienlaurent/singleinputform/app/build.gradle,14,19,,26,4,124,,,,,,,,,,,,
Android,MiEcosystem/NewXmPluginSDK,/home/gabriel/Documentos/ic2/analiseDosProjetosGerais/repositorios/MiEcosystem/NewXmPluginSDK/common_ui/build.gradle,14,19,,27,1,18,,,,,,,,,,,,
Android,MiEcosystem/NewXmPluginSDK,/home/gabriel/Documentos/ic2/analiseDosProjetosGerais/repositorios/MiEcosystem/NewXmPluginSDK/pluglib/build.gradle,14,19,,28,0,35,,,,,,,,,,,,
Android,MiEcosystem/NewXmPluginSDK,/home/gabriel/Documentos/ic2/analiseDosProjetosGerais/repositorios/MiEcosystem/NewXmPluginSDK/plugProject/BleMeshDemo/build.gradle,14,19,,,,,,,,,,,,,,,,
Android,MiEcosystem/NewXmPluginSDK,/home/gabriel/Documentos/ic2/analiseDosProjetosGerais/repositorios/MiEcosystem/NewXmPluginSDK/plugProject/EmptyDemo/build.gradle,14,19,,,,,,,,,,,,,,,,
Android,MiEcosystem/NewXmPluginSDK,/home/gabriel/Documentos/ic2/analiseDosProjetosGerais/repositorios/MiEcosystem/NewXmPluginSDK/plugProject/PluginDemo/build.gradle,14,19,,,22,12,70,35,24,17,83,0,30,0,0,4,1,0
Android,MiEcosystem/NewXmPluginSDK,/home/gabriel/Documentos/ic2/analiseDosProjetosGerais/repositorios/MiEcosystem/NewXmPluginSDK/plugProject/SpecDemo/build.gradle,14,19,,,0,0,1,0,0,16,13,23,58,21,19,124,18,35
Android,MiEcosystem/NewXmPluginSDK,/home/gabriel/Documentos/ic2/analiseDosProjetosGerais/repositorios/MiEcosystem/NewXmPluginSDK/plugProject/xiaomi_bledemov2/build.gradle,14,19,,,,,,,,,,,,,,,,
Android,codesoup/android-cubic-bezier-interpolator,/home/gabriel/Documentos/ic2/analiseDosProjetosGerais/repositorios/codesoup/android-cubic-bezier-interpolator/cubic-bezier/build.gradle,15,20,,,,,,,,,,,,,,,,
Android,eowise/recyclerview-stickyheaders,/home/gabriel/Documentos/ic2/analiseDosProjetosGerais/repositorios/eowise/recyclerview-stickyheaders/samples/build.gradle,7,21,,,,,,,,,,,,,,,,
Android,47deg/appsly-android-rest,/home/gabriel/Documentos/ic2/analiseDosProjetosGerais/repositorios/47deg/appsly-android-rest/android-rest-example/build.gradle,9,21,,,,,,,,,,,,,,,,
Android,47deg/appsly-android-rest,/home/gabriel/Documentos/ic2/analiseDosProjetosGerais/repositorios/47deg/appsly-android-rest/android-rest/build.gradle,9,21,,,,,,,,,,,,,,,,
Android,hongyangAndroid/android-percent-support-extend,/home/gabriel/Documentos/ic2/analiseDosProjetosGerais/repositorios/hongyangAndroid/android-percent-support-extend/app/build.gradle,10,21,,,,,,,,,,,,,,,,
Android,orhanobut/bee,/home/gabriel/Documentos/ic2/analiseDosProjetosGerais/repositorios/orhanobut/bee/app/build.gradle,10,21,,,,,,,,,,,,,,,,
Android,quiqueqs/BabushkaText,/home/gabriel/Documentos/ic2/analiseDosProjetosGerais/repositorios/quiqueqs/BabushkaText/app/build.gradle,11,21,,,,,,,,,,,,,,,,
Android,quiqueqs/BabushkaText,/home/gabriel/Documentos/ic2/analiseDosProjetosGerais/repositorios/quiqueqs/BabushkaText/babushkatext/build.gradle,11,21,,,,,,,,,,,,,,,,
Android,benniaobuguai/android-dynamic-action,/home/gabriel/Documentos/ic2/analiseDosProjetosGerais/repositorios/benniaobuguai/android-dynamic-action/demo/build.gradle,14,21,,,,,,,,,,,,,,,,
Android,linroid/FilterMenu,/home/gabriel/Documentos/ic2/analiseDosProjetosGerais/repositorios/linroid/FilterMenu/library/build.gradle,14,21,,,,,,,,,,,,,,,,
Android,penglu20/Bigbang,/home/gabriel/Documentos/ic2/analiseDosProjetosGerais/repositorios/penglu20/Bigbang/lib/build.gradle,14,21,,,,,,,,,,,,,,,,
Android,tvbarthel/ChaseWhisplyProject,/home/gabriel/Documentos/ic2/analiseDosProjetosGerais/repositorios/tvbarthel/ChaseWhisplyProject/ChaseWhisply/build.gradle,14,21,,,,,,,,,,,,,,,,
Android,linroid/FilterMenu,/home/gabriel/Documentos/ic2/analiseDosProjetosGerais/repositorios/linroid/FilterMenu/sample/build.gradle,15,21,,,,,,,,,,,,,,,,
Android,xiongwei-git/GankApp,/home/gabriel/Documentos/ic2/analiseDosProjetosGerais/repositorios/xiongwei-git/GankApp/app/build.gradle,19,21,,,,,,,,,,,,,,,,
Android,hongyangAndroid/android-percent-support-extend,/home/gabriel/Documentos/ic2/analiseDosProjetosGerais/repositorios/hongyangAndroid/android-percent-support-extend/percent-support-extends-sample/build.gradle,7,22,,,,,,,,,,,,,,,,
Android,hongyangAndroid/android-percent-support-extend,/home/gabriel/Documentos/ic2/analiseDosProjetosGerais/repositorios/hongyangAndroid/android-percent-support-extend/percent-support-extends/build.gradle,7,22,,,,,,,,,,,,,,,,
Android,z56402344/AnimTextView,/home/gabriel/Documentos/ic2/analiseDosProjetosGerais/repositorios/z56402344/AnimTextView/app/build.gradle,8,22,,,,,,,,,,,,,,,,
Android,nicolasjafelle/PagingListView,/home/gabriel/Documentos/ic2/analiseDosProjetosGerais/repositorios/nicolasjafelle/PagingListView/PagingListViewProject/PagingListView/build.gradle,9,22,,,,,,,,,,,,,,,,
Android,nicolasjafelle/PagingListView,/home/gabriel/Documentos/ic2/analiseDosProjetosGerais/repositorios/nicolasjafelle/PagingListView/PagingListViewProject/PagingListViewSample/build.gradle,9,22,,,,,,,,,,,,,,,,
Android,ww6015132/SilkySignature,/home/gabriel/Documentos/ic2/analiseDosProjetosGerais/repositorios/ww6015132/SilkySignature/app/build.gradle,9,22,,,,,,,,,,,,,,,,
Android,orhanobut/bee,/home/gabriel/Documentos/ic2/analiseDosProjetosGerais/repositorios/orhanobut/bee/bee/build.gradle,10,22,,,,,,,,,,,,,,,,
Android,android-hacker/VirtualXposed,/home/gabriel/Documentos/ic2/analiseDosProjetosGerais/repositorios/android-hacker/VirtualXposed/VirtualApp/lib/build.gradle,14,22,,,,,,,,,,,,,,,,
Android,exallium/RxRecyclerView,/home/gabriel/Documentos/ic2/analiseDosProjetosGerais/repositorios/exallium/RxRecyclerView/lib/build.gradle,14,22,,,,,,,,,,,,,,,,
Android,LaiFeng-Android/SopCastComponent,/home/gabriel/Documentos/ic2/analiseDosProjetosGerais/repositorios/LaiFeng-Android/SopCastComponent/app/build.gradle,14,22,,,,,,,,,,,,,,,,
Android,yaa110/Piclice,/home/gabriel/Documentos/ic2/analiseDosProjetosGerais/repositorios/yaa110/Piclice/app/build.gradle,14,22,,,,,,,,,,,,,,,,
Android,android-hacker/VirtualXposed,/home/gabriel/Documentos/ic2/analiseDosProjetosGerais/repositorios/android-hacker/VirtualXposed/VirtualApp/app/build.gradle,15,22,,,,,,,,,,,,,,,,
Android,jaikydota/Android-ImagesPickers,/home/gabriel/Documentos/ic2/analiseDosProjetosGerais/repositorios/jaikydota/Android-ImagesPickers/imagepicker/app/build.gradle,15,22,,,,,,,,,,,,,,,,
Android,jaikydota/Android-ImagesPickers,/home/gabriel/Documentos/ic2/analiseDosProjetosGerais/repositorios/jaikydota/Android-ImagesPickers/imagepicker/imagespickers/build.gradle,15,22,,,,,,,,,,,,,,,,
Android,senzhk/ADBKeyBoard,/home/gabriel/Documentos/ic2/analiseDosProjetosGerais/repositorios/senzhk/ADBKeyBoard/keyboardservice/build.gradle,15,22,,,,,,,,,,,,,,,,
Android,aliyun/alicloud-android-demo,/home/gabriel/Documentos/ic2/analiseDosProjetosGerais/repositorios/aliyun/alicloud-android-demo/mpush_reactnative_android_demo/AwesomeProject/android/app/build.gradle,16,22,,,,,,,,,,,,,,,,
Android,jacobrosenthal/react-native-ble,/home/gabriel/Documentos/ic2/analiseDosProjetosGerais/repositorios/jacobrosenthal/react-native-ble/examples/eddystone_beacon_scanner/android/app/build.gradle,16,22,,,,,,,,,,,,,,,,
Android,tekinarslan/AndroidMaterialDesignToolbar,/home/gabriel/Documentos/ic2/analiseDosProjetosGerais/repositorios/tekinarslan/AndroidMaterialDesignToolbar/app/build.gradle,16,22,,,,,,,,,,,,,,,,
Android,sphinx02/AppStarter,/home/gabriel/Documentos/ic2/analiseDosProjetosGerais/repositorios/sphinx02/AppStarter/AppStarterProject/AppStarter/build.gradle,17,22,,,,,,,,,,,,,,,,
Android,exallium/RxRecyclerView,/home/gabriel/Documentos/ic2/analiseDosProjetosGerais/repositorios/exallium/RxRecyclerView/app/build.gradle,19,22,,,,,,,,,,,,,,,,
Android,MartinRGB/GiftCard-Android,/home/gabriel/Documentos/ic2/analiseDosProjetosGerais/repositorios/MartinRGB/GiftCard-Android/build.gradle,19,22,,,,,,,,,,,,,,,,
Android,cping/LGame,/home/gabriel/Documentos/ic2/analiseDosProjetosGerais/repositorios/cping/LGame/Java/Loon-Neo-Android/build.gradle,21,22,,,,,,,,,,,,,,,,
Android,jacobrosenthal/react-native-ble,/home/gabriel/Documentos/ic2/analiseDosProjetosGerais/repositorios/jacobrosenthal/react-native-ble/examples/advertisement_discovery/android/app/build.gradle,21,22,,,,,,,,,,,,,,,,
Android,LaiFeng-Android/SopCastComponent,/home/gabriel/Documentos/ic2/analiseDosProjetosGerais/repositorios/LaiFeng-Android/SopCastComponent/sopcast-sdk/build.gradle,8,23,,,,,,,,,,,,,,,,
Android,markzhai/init,/home/gabriel/Documentos/ic2/analiseDosProjetosGerais/repositorios/markzhai/init/demo/build.gradle,8,23,,,,,,,,,,,,,,,,
Android,markzhai/init,/home/gabriel/Documentos/ic2/analiseDosProjetosGerais/repositorios/markzhai/init/init/build.gradle,8,23,,,,,,,,,,,,,,,,
Android,Xiaofei-it/Hermes,/home/gabriel/Documentos/ic2/analiseDosProjetosGerais/repositorios/Xiaofei-it/Hermes/hermes/build.gradle,8,23,,,,,,,,,,,,,,,,
Android,glt/ScreenRecorder,/home/gabriel/Documentos/ic2/analiseDosProjetosGerais/repositorios/glt/ScreenRecorder/recorder/build.gradle,9,23,,,,,,,,,,,,,,,,
Android,HomHomLin/SlidingLayout,/home/gabriel/Documentos/ic2/analiseDosProjetosGerais/repositorios/HomHomLin/SlidingLayout/app/build.gradle,9,23,,,,,,,,,,,,,,,,
Android,HomHomLin/SlidingLayout,/home/gabriel/Documentos/ic2/analiseDosProjetosGerais/repositorios/HomHomLin/SlidingLayout/library/build.gradle,9,23,,,,,,,,,,,,,,,,
Android,limpoxe/Android-ServiceManager,/home/gabriel/Documentos/ic2/analiseDosProjetosGerais/repositorios/limpoxe/Android-ServiceManager/android-servicemanager/build.gradle,9,23,,,,,,,,,,,,,,,,
Android,linsea/UniversalVideoView,/home/gabriel/Documentos/ic2/analiseDosProjetosGerais/repositorios/linsea/UniversalVideoView/universalvideoview/build.gradle,9,23,,,,,,,,,,,,,,,,
Android,linsea/UniversalVideoView,/home/gabriel/Documentos/ic2/analiseDosProjetosGerais/repositorios/linsea/UniversalVideoView/universalvideoviewsample/build.gradle,9,23,,,,,,,,,,,,,,,,
Android,LuckyJayce/GuideHelper,/home/gabriel/Documentos/ic2/analiseDosProjetosGerais/repositorios/LuckyJayce/GuideHelper/app/build.gradle,9,23,,,,,,,,,,,,,,,,
Android,prcaen/external-resources,/home/gabriel/Documentos/ic2/analiseDosProjetosGerais/repositorios/prcaen/external-resources/build.gradle,9,23,,,,,,,,,,,,,,,,
Android,traex/RippleEffect,/home/gabriel/Documentos/ic2/analiseDosProjetosGerais/repositorios/traex/RippleEffect/library/build.gradle,9,23,,,,,,,,,,,,,,,,
Android,Xiaofei-it/Hermes,/home/gabriel/Documentos/ic2/analiseDosProjetosGerais/repositorios/Xiaofei-it/Hermes/app/build.gradle,9,23,,,,,,,,,,,,,,,,
Android,aliyun/alicloud-android-demo,/home/gabriel/Documentos/ic2/analiseDosProjetosGerais/repositorios/aliyun/alicloud-android-demo/httpdns_api_demo/build.gradle,10,23,,,,,,,,,,,,,,,,
Android,D-clock/AndroidStudyCode,/home/gabriel/Documentos/ic2/analiseDosProjetosGerais/repositorios/D-clock/AndroidStudyCode/build.gradle,11,23,,,,,,,,,,,,,,,,
Android,Devlight/TintLayout,/home/gabriel/Documentos/ic2/analiseDosProjetosGerais/repositorios/Devlight/TintLayout/app/build.gradle,11,23,,,,,,,,,,,,,,,,
Android,Devlight/TintLayout,/home/gabriel/Documentos/ic2/analiseDosProjetosGerais/repositorios/Devlight/TintLayout/tintlayout/build.gradle,11,23,,,,,,,,,,,,,,,,
Android,limpoxe/Android-ServiceManager,/home/gabriel/Documentos/ic2/analiseDosProjetosGerais/repositorios/limpoxe/Android-ServiceManager/app/build.gradle,11,23,,,,,,,,,,,,,,,,
Android,ValuesFeng/AndroidPicturePicker,/home/gabriel/Documentos/ic2/analiseDosProjetosGerais/repositorios/ValuesFeng/AndroidPicturePicker/app/build.gradle,11,23,,,,,,,,,,,,,,,,
Android,ValuesFeng/AndroidPicturePicker,/home/gabriel/Documentos/ic2/analiseDosProjetosGerais/repositorios/ValuesFeng/AndroidPicturePicker/gallery/build.gradle,11,23,,,,,,,,,,,,,,,,
Android,aliyun/alicloud-android-demo,/home/gabriel/Documentos/ic2/analiseDosProjetosGerais/repositorios/aliyun/alicloud-android-demo/hotfix_android_demo/build.gradle,14,23,,,,,,,,,,,,,,,,
Android,andrebts/login-basics,/home/gabriel/Documentos/ic2/analiseDosProjetosGerais/repositorios/andrebts/login-basics/app/build.gradle,14,23,,,,,,,,,,,,,,,,
Android,blazsolar/HorizontalPicker,/home/gabriel/Documentos/ic2/analiseDosProjetosGerais/repositorios/blazsolar/HorizontalPicker/HorizontalPicker/build.gradle,14,23,,,,,,,,,,,,,,,,
Android,blazsolar/HorizontalPicker,/home/gabriel/Documentos/ic2/analiseDosProjetosGerais/repositorios/blazsolar/HorizontalPicker/HorizontalPickerExample/build.gradle,14,23,,,,,,,,,,,,,,,,
Android,CoXier/LowPoly,/home/gabriel/Documentos/ic2/analiseDosProjetosGerais/repositorios/CoXier/LowPoly/app/build.gradle,14,23,,,,,,,,,,,,,,,,
Android,CoXier/LowPoly,/home/gabriel/Documentos/ic2/analiseDosProjetosGerais/repositorios/CoXier/LowPoly/lowpoly/build.gradle,14,23,,,,,,,,,,,,,,,,
Android,emotionsense/SensorManager,/home/gabriel/Documentos/ic2/analiseDosProjetosGerais/repositorios/emotionsense/SensorManager/build.gradle,14,23,,,,,,,,,,,,,,,,
Android,gowong/material-sheet-fab,/home/gabriel/Documentos/ic2/analiseDosProjetosGerais/repositorios/gowong/material-sheet-fab/material-sheet-fab/build.gradle,14,23,,,,,,,,,,,,,,,,
Android,gowong/material-sheet-fab,/home/gabriel/Documentos/ic2/analiseDosProjetosGerais/repositorios/gowong/material-sheet-fab/sample/build.gradle,14,23,,,,,,,,,,,,,,,,
Android,grantland/android-autofittextview,/home/gabriel/Documentos/ic2/analiseDosProjetosGerais/repositorios/grantland/android-autofittextview/build.gradle,14,23,,,,,,,,,,,,,,,,
Android,gzsll/WebViewJavascriptBridge,/home/gabriel/Documentos/ic2/analiseDosProjetosGerais/repositorios/gzsll/WebViewJavascriptBridge/app/build.gradle,14,23,,,,,,,,,,,,,,,,
Android,gzsll/WebViewJavascriptBridge,/home/gabriel/Documentos/ic2/analiseDosProjetosGerais/repositorios/gzsll/WebViewJavascriptBridge/library/build.gradle,14,23,,,,,,,,,,,,,,,,
Android,MichaelEvans/Aftermath,/home/gabriel/Documentos/ic2/analiseDosProjetosGerais/repositorios/MichaelEvans/Aftermath/aftermath/build.gradle,14,23,,,,,,,,,,,,,,,,
Android,SpikeKing/wcl-permission-demo,/home/gabriel/Documentos/ic2/analiseDosProjetosGerais/repositorios/SpikeKing/wcl-permission-demo/app/build.gradle,14,23,,,,,,,,,,,,,,,,
Android,traex/RippleEffect,/home/gabriel/Documentos/ic2/analiseDosProjetosGerais/repositorios/traex/RippleEffect/sample/build.gradle,14,23,,,,,,,,,,,,,,,,
Android,xiangtailiang/FakeGPS,/home/gabriel/Documentos/ic2/analiseDosProjetosGerais/repositorios/xiangtailiang/FakeGPS/app/build.gradle,14,23,,,,,,,,,,,,,,,,
Android,xiangtailiang/FakeGPS,/home/gabriel/Documentos/ic2/analiseDosProjetosGerais/repositorios/xiangtailiang/FakeGPS/loggerlibrary/build.gradle,14,23,,,,,,,,,,,,,,,,
Android,AndroidMsky/RandomTextView,/home/gabriel/Documentos/ic2/analiseDosProjetosGerais/repositorios/AndroidMsky/RandomTextView/app/build.gradle,15,23,,,,,,,,,,,,,,,,
Android,AndroidMsky/RandomTextView,/home/gabriel/Documentos/ic2/analiseDosProjetosGerais/repositorios/AndroidMsky/RandomTextView/randomtextviewlibrary/build.gradle,15,23,,,,,,,,,,,,,,,,
Android,florina-muntenescu/MVPvsMVVM,/home/gabriel/Documentos/ic2/analiseDosProjetosGerais/repositorios/florina-muntenescu/MVPvsMVVM/app/build.gradle,15,23,,,,,,,,,,,,,,,,
Android,jiang111/ProgressView,/home/gabriel/Documentos/ic2/analiseDosProjetosGerais/repositorios/jiang111/ProgressView/app/build.gradle,15,23,,,,,,,,,,,,,,,,
Android,kaaes/spotify-web-api-android,/home/gabriel/Documentos/ic2/analiseDosProjetosGerais/repositorios/kaaes/spotify-web-api-android/sample-search/build.gradle,15,23,,,,,,,,,,,,,,,,
Android,kaaes/spotify-web-api-android,/home/gabriel/Documentos/ic2/analiseDosProjetosGerais/repositorios/kaaes/spotify-web-api-android/spotify-api/build.gradle,15,23,,,,,,,,,,,,,,,,
Android,maxiee/HeartBeat,/home/gabriel/Documentos/ic2/analiseDosProjetosGerais/repositorios/maxiee/HeartBeat/app/build.gradle,15,23,,,,,,,,,,,,,,,,
Android,maxiee/HeartBeat,/home/gabriel/Documentos/ic2/analiseDosProjetosGerais/repositorios/maxiee/HeartBeat/multi-image-selector/build.gradle,15,23,,,,,,,,,,,,,,,,
Android,MichaelEvans/Aftermath,/home/gabriel/Documentos/ic2/analiseDosProjetosGerais/repositorios/MichaelEvans/Aftermath/sample/build.gradle,15,23,,,,,,,,,,,,,,,,
Android,NikoYuwono/ToolbarPanel,/home/gabriel/Documentos/ic2/analiseDosProjetosGerais/repositorios/NikoYuwono/ToolbarPanel/sample/build.gradle,15,23,,,,,,,,,,,,,,,,
Android,payatu/diva-android,/home/gabriel/Documentos/ic2/analiseDosProjetosGerais/repositorios/payatu/diva-android/app/build.gradle,15,23,,,,,,,,,,,,,,,,
Android,guozhengXia/OkHttpUtils,/home/gabriel/Documentos/ic2/analiseDosProjetosGerais/repositorios/guozhengXia/OkHttpUtils/OkhttpUtils/build.gradle,16,23,,,,,,,,,,,,,,,,
Android,guozhengXia/OkHttpUtils,/home/gabriel/Documentos/ic2/analiseDosProjetosGerais/repositorios/guozhengXia/OkHttpUtils/sampleokhttp/build.gradle,16,23,,,,,,,,,,,,,,,,
Android,lukaspili/Reactive-Billing,/home/gabriel/Documentos/ic2/analiseDosProjetosGerais/repositorios/lukaspili/Reactive-Billing/sample/build.gradle,16,23,,,,,,,,,,,,,,,,
Android,google/android-classyshark,/home/gabriel/Documentos/ic2/analiseDosProjetosGerais/repositorios/google/android-classyshark/ClassySharkAndroid/app/build.gradle,19,23,,,,,,,,,,,,,,,,
Android,aporter/coursera-android,/home/gabriel/Documentos/ic2/analiseDosProjetosGerais/repositorios/aporter/coursera-android/Examples2018/UIDatePicker/app/build.gradle,21,23,,,,,,,,,,,,,,,,
Android,hitherejoe/AndroidTvBoilerplate,/home/gabriel/Documentos/ic2/analiseDosProjetosGerais/repositorios/hitherejoe/AndroidTvBoilerplate/app/build.gradle,21,23,,,,,,,,,,,,,,,,
Android,jacobrosenthal/react-native-ble,/home/gabriel/Documentos/ic2/analiseDosProjetosGerais/repositorios/jacobrosenthal/react-native-ble/android/build.gradle,21,23,,,,,,,,,,,,,,,,
Android,toddway/ListOfThings,/home/gabriel/Documentos/ic2/analiseDosProjetosGerais/repositorios/toddway/ListOfThings/app/build.gradle,21,23,,,,,,,,,,,,,,,,
Android,toddway/ListOfThings,/home/gabriel/Documentos/ic2/analiseDosProjetosGerais/repositorios/toddway/ListOfThings/data/build.gradle,21,23,,,,,,,,,,,,,,,,
Android,zaihuishou/ExpandableRecyclerview,/home/gabriel/Documentos/ic2/analiseDosProjetosGerais/repositorios/zaihuishou/ExpandableRecyclerview/expandablerecycleradapter/build.gradle,8,24,,,,,,,,,,,,,,,,
Android,LuckyJayce/GuideHelper,/home/gabriel/Documentos/ic2/analiseDosProjetosGerais/repositorios/LuckyJayce/GuideHelper/library/build.gradle,9,24,,,,,,,,,,,,,,,,
Android,ww6015132/SilkySignature,/home/gabriel/Documentos/ic2/analiseDosProjetosGerais/repositorios/ww6015132/SilkySignature/silky-signature/build.gradle,9,24,,,,,,,,,,,,,,,,
Android,penglu20/Bigbang,/home/gabriel/Documentos/ic2/analiseDosProjetosGerais/repositorios/penglu20/Bigbang/commonjar/build.gradle,10,24,,,,,,,,,,,,,,,,
Android,Cleveroad/FireworkyPullToRefresh,/home/gabriel/Documentos/ic2/analiseDosProjetosGerais/repositorios/Cleveroad/FireworkyPullToRefresh/library/build.gradle,11,24,,,,,,,,,,,,,,,,
Android,k0shk0sh/PermissionHelper,/home/gabriel/Documentos/ic2/analiseDosProjetosGerais/repositorios/k0shk0sh/PermissionHelper/app/build.gradle,14,24,,,,,,,,,,,,,,,,
Android,k0shk0sh/PermissionHelper,/home/gabriel/Documentos/ic2/analiseDosProjetosGerais/repositorios/k0shk0sh/PermissionHelper/permission/build.gradle,14,24,,,,,,,,,,,,,,,,
Android,penglu20/Bigbang,/home/gabriel/Documentos/ic2/analiseDosProjetosGerais/repositorios/penglu20/Bigbang/app/build.gradle,14,24,,,,,,,,,,,,,,,,
Android,penglu20/Bigbang,/home/gabriel/Documentos/ic2/analiseDosProjetosGerais/repositorios/penglu20/Bigbang/colorpicker/build.gradle,14,24,,,,,,,,,,,,,,,,
Android,penglu20/Bigbang,/home/gabriel/Documentos/ic2/analiseDosProjetosGerais/repositorios/penglu20/Bigbang/xposed/build.gradle,14,24,,,,,,,,,,,,,,,,
Android,tianzhijiexian/DBinding,/home/gabriel/Documentos/ic2/analiseDosProjetosGerais/repositorios/tianzhijiexian/DBinding/dbindinglib/build.gradle,14,24,,,,,,,,,,,,,,,,
Android,vikramkakkar/ImageTransition,/home/gabriel/Documentos/ic2/analiseDosProjetosGerais/repositorios/vikramkakkar/ImageTransition/app/build.gradle,14,24,,,,,,,,,,,,,,,,
Android,vikramkakkar/ImageTransition,/home/gabriel/Documentos/ic2/analiseDosProjetosGerais/repositorios/vikramkakkar/ImageTransition/imagetransitionlibrary/build.gradle,14,24,,,,,,,,,,,,,,,,
Android,jiangzehui/MD,/home/gabriel/Documentos/ic2/analiseDosProjetosGerais/repositorios/jiangzehui/MD/app/build.gradle,15,24,,,,,,,,,,,,,,,,
Android,zaihuishou/ExpandableRecyclerview,/home/gabriel/Documentos/ic2/analiseDosProjetosGerais/repositorios/zaihuishou/ExpandableRecyclerview/app/build.gradle,15,24,,,,,,,,,,,,,,,,
Android,colintheshots/AnDevCon-RxPatterns,/home/gabriel/Documentos/ic2/analiseDosProjetosGerais/repositorios/colintheshots/AnDevCon-RxPatterns/app/build.gradle,16,24,,,,,,,,,,,,,,,,
Android,Slyce-Inc/SlyceMessaging,/home/gabriel/Documentos/ic2/analiseDosProjetosGerais/repositorios/Slyce-Inc/SlyceMessaging/example/build.gradle,16,24,,,,,,,,,,,,,,,,
Android,Slyce-Inc/SlyceMessaging,/home/gabriel/Documentos/ic2/analiseDosProjetosGerais/repositorios/Slyce-Inc/SlyceMessaging/slyce-messaging/build.gradle,16,24,,,,,,,,,,,,,,,,
Android,Cleveroad/FireworkyPullToRefresh,/home/gabriel/Documentos/ic2/analiseDosProjetosGerais/repositorios/Cleveroad/FireworkyPullToRefresh/app/build.gradle,17,24,,,,,,,,,,,,,,,,
Android,omkarmoghe/Pokemap,/home/gabriel/Documentos/ic2/analiseDosProjetosGerais/repositorios/omkarmoghe/Pokemap/app/build.gradle,17,24,,,,,,,,,,,,,,,,
Android,alt236/Bluetooth-LE-Library---Android,/home/gabriel/Documentos/ic2/analiseDosProjetosGerais/repositorios/alt236/Bluetooth-LE-Library---Android/build.gradle,18,24,,,,,,,,,,,,,,,,
Android,jacek-marchwicki/JavaWebsocketClient,/home/gabriel/Documentos/ic2/analiseDosProjetosGerais/repositorios/jacek-marchwicki/JavaWebsocketClient/websockets-rxjava-example/build.gradle,9,25,,,,,,,,,,,,,,,,
Android,linglongxin24/WelcomeVideoPager,/home/gabriel/Documentos/ic2/analiseDosProjetosGerais/repositorios/linglongxin24/WelcomeVideoPager/app/build.gradle,9,25,,,,,,,,,,,,,,,,
Android,maksim88/PasswordEditText,/home/gabriel/Documentos/ic2/analiseDosProjetosGerais/repositorios/maksim88/PasswordEditText/library/build.gradle,9,25,,,,,,,,,,,,,,,,
Android,fornana/swipeitemlayout,/home/gabriel/Documentos/ic2/analiseDosProjetosGerais/repositorios/fornana/swipeitemlayout/SwipeItem/app/build.gradle,11,25,,,,,,,,,,,,,,,,
Android,anzaizai/EasyRefreshLayout,/home/gabriel/Documentos/ic2/analiseDosProjetosGerais/repositorios/anzaizai/EasyRefreshLayout/app/build.gradle,14,25,,,,,,,,,,,,,,,,
Android,anzaizai/EasyRefreshLayout,/home/gabriel/Documentos/ic2/analiseDosProjetosGerais/repositorios/anzaizai/EasyRefreshLayout/library/build.gradle,14,25,,,,,,,,,,,,,,,,
Android,nanchen2251/CoordinatorAppBarDemo,/home/gabriel/Documentos/ic2/analiseDosProjetosGerais/repositorios/nanchen2251/CoordinatorAppBarDemo/app/build.gradle,14,25,,,,,,,,,,,,,,,,
Android,tarek360/RichPath,/home/gabriel/Documentos/ic2/analiseDosProjetosGerais/repositorios/tarek360/RichPath/build.gradle,14,25,,,,,,,,,,,,,,,,
Android,tianzhijiexian/DBinding,/home/gabriel/Documentos/ic2/analiseDosProjetosGerais/repositorios/tianzhijiexian/DBinding/app/build.gradle,14,25,,,,,,,,,,,,,,,,
Android,torryharris/Skycons,/home/gabriel/Documentos/ic2/analiseDosProjetosGerais/repositorios/torryharris/Skycons/Skycons/SkyconDemo/build.gradle,14,25,,,,,,,,,,,,,,,,
Android,torryharris/Skycons,/home/gabriel/Documentos/ic2/analiseDosProjetosGerais/repositorios/torryharris/Skycons/Skycons/SkyconsLibrary/build.gradle,14,25,,,,,,,,,,,,,,,,
Android,maksim88/PasswordEditText,/home/gabriel/Documentos/ic2/analiseDosProjetosGerais/repositorios/maksim88/PasswordEditText/sample/build.gradle,15,25,,,,,,,,,,,,,,,,
Android,ricknout/lens-launcher,/home/gabriel/Documentos/ic2/analiseDosProjetosGerais/repositorios/ricknout/lens-launcher/app/build.gradle,15,25,,,,,,,,,,,,,,,,
Android,yazhidev/Practice,/home/gabriel/Documentos/ic2/analiseDosProjetosGerais/repositorios/yazhidev/Practice/app/build.gradle,15,25,,,,,,,,,,,,,,,,
Android,ihsanbal/Wiv,/home/gabriel/Documentos/ic2/analiseDosProjetosGerais/repositorios/ihsanbal/Wiv/app/build.gradle,16,25,,,,,,,,,,,,,,,,
Android,ihsanbal/Wiv,/home/gabriel/Documentos/ic2/analiseDosProjetosGerais/repositorios/ihsanbal/Wiv/library/build.gradle,16,25,,,,,,,,,,,,,,,,
Android,lukaspili/Reactive-Billing,/home/gabriel/Documentos/ic2/analiseDosProjetosGerais/repositorios/lukaspili/Reactive-Billing/library/build.gradle,16,25,,,,,,,,,,,,,,,,
Android,wongzy/BetterWay,/home/gabriel/Documentos/ic2/analiseDosProjetosGerais/repositorios/wongzy/BetterWay/app/build.gradle,19,25,,,,,,,,,,,,,,,,
Android,MiEcosystem/NewXmPluginSDK,/home/gabriel/Documentos/ic2/analiseDosProjetosGerais/repositorios/MiEcosystem/NewXmPluginSDK/mibtservice/app/build.gradle,21,25,,,,,,,,,,,,,,,,
Android,vlonjatg/progress-activity,/home/gabriel/Documentos/ic2/analiseDosProjetosGerais/repositorios/vlonjatg/progress-activity/library/build.gradle,11,26,,,,,,,,,,,,,,,,
Android,aliyun/alicloud-android-demo,/home/gabriel/Documentos/ic2/analiseDosProjetosGerais/repositorios/aliyun/alicloud-android-demo/mpush_android_demo/build.gradle,14,26,,,,,,,,,,,,,,,,
Android,dlazaro66/QRCodeReaderView,/home/gabriel/Documentos/ic2/analiseDosProjetosGerais/repositorios/dlazaro66/QRCodeReaderView/qrcodereaderview/build.gradle,14,26,,,,,,,,,,,,,,,,
Android,dlazaro66/QRCodeReaderView,/home/gabriel/Documentos/ic2/analiseDosProjetosGerais/repositorios/dlazaro66/QRCodeReaderView/samples/build.gradle,14,26,,,,,,,,,,,,,,,,
Android,milaptank/SpannableTextView,/home/gabriel/Documentos/ic2/analiseDosProjetosGerais/repositorios/milaptank/SpannableTextView/app/build.gradle,14,26,,,,,,,,,,,,,,,,
Android,milaptank/SpannableTextView,/home/gabriel/Documentos/ic2/analiseDosProjetosGerais/repositorios/milaptank/SpannableTextView/stv/build.gradle,14,26,,,,,,,,,,,,,,,,
Android,MindorksOpenSource/AndroidTensorFlowMNISTExample,/home/gabriel/Documentos/ic2/analiseDosProjetosGerais/repositorios/MindorksOpenSource/AndroidTensorFlowMNISTExample/app/build.gradle,14,26,,,,,,,,,,,,,,,,
Android,omadahealth/CircularBarPager,/home/gabriel/Documentos/ic2/analiseDosProjetosGerais/repositorios/omadahealth/CircularBarPager/app/build.gradle,14,26,,,,,,,,,,,,,,,,
Android,omadahealth/CircularBarPager,/home/gabriel/Documentos/ic2/analiseDosProjetosGerais/repositorios/omadahealth/CircularBarPager/library/build.gradle,14,26,,,,,,,,,,,,,,,,
Android,qkxyjren/LikeView,/home/gabriel/Documentos/ic2/analiseDosProjetosGerais/repositorios/qkxyjren/LikeView/app/build.gradle,14,26,,,,,,,,,,,,,,,,
Android,qkxyjren/LikeView,/home/gabriel/Documentos/ic2/analiseDosProjetosGerais/repositorios/qkxyjren/LikeView/lib/build.gradle,14,26,,,,,,,,,,,,,,,,
Android,vlonjatg/progress-activity,/home/gabriel/Documentos/ic2/analiseDosProjetosGerais/repositorios/vlonjatg/progress-activity/sample/build.gradle,14,26,,,,,,,,,,,,,,,,
Android,xxxyanchenxxx/QqDecrpt,/home/gabriel/Documentos/ic2/analiseDosProjetosGerais/repositorios/xxxyanchenxxx/QqDecrpt/app/build.gradle,14,26,,,,,,,,,,,,,,,,
Android,jshvarts/OfflineSampleApp,/home/gabriel/Documentos/ic2/analiseDosProjetosGerais/repositorios/jshvarts/OfflineSampleApp/app/build.gradle,16,26,,,,,,,,,,,,,,,,
Android,ragdroid/Dahaka,/home/gabriel/Documentos/ic2/analiseDosProjetosGerais/repositorios/ragdroid/Dahaka/app/build.gradle,16,26,,,,,,,,,,,,,,,,
Android,iDevicesInc/SweetBlue,/home/gabriel/Documentos/ic2/analiseDosProjetosGerais/repositorios/iDevicesInc/SweetBlue/gattspecparser/build.gradle,18,26,,,,,,,,,,,,,,,,
Android,iDevicesInc/SweetBlue,/home/gabriel/Documentos/ic2/analiseDosProjetosGerais/repositorios/iDevicesInc/SweetBlue/integration/build.gradle,18,26,,,,,,,,,,,,,,,,
Android,iDevicesInc/SweetBlue,/home/gabriel/Documentos/ic2/analiseDosProjetosGerais/repositorios/iDevicesInc/SweetBlue/servertester/build.gradle,18,26,,,,,,,,,,,,,,,,
Android,iDevicesInc/SweetBlue,/home/gabriel/Documentos/ic2/analiseDosProjetosGerais/repositorios/iDevicesInc/SweetBlue/sweetunit/build.gradle,18,26,,,,,,,,,,,,,,,,
Android,iDevicesInc/SweetBlue,/home/gabriel/Documentos/ic2/analiseDosProjetosGerais/repositorios/iDevicesInc/SweetBlue/tester/build.gradle,18,26,,,,,,,,,,,,,,,,
Android,Catrobat/Catroid,/home/gabriel/Documentos/ic2/analiseDosProjetosGerais/repositorios/Catrobat/Catroid/catroid/build.gradle,19,26,,,,,,,,,,,,,,,,
Android,consenlabs/token-core-android,/home/gabriel/Documentos/ic2/analiseDosProjetosGerais/repositorios/consenlabs/token-core-android/app/build.gradle,19,26,,,,,,,,,,,,,,,,
Android,MOLO17/CustomizableCalendar,/home/gabriel/Documentos/ic2/analiseDosProjetosGerais/repositorios/MOLO17/CustomizableCalendar/library/build.gradle,19,26,,,,,,,,,,,,,,,,
Android,MOLO17/CustomizableCalendar,/home/gabriel/Documentos/ic2/analiseDosProjetosGerais/repositorios/MOLO17/CustomizableCalendar/sample/build.gradle,19,26,,,,,,,,,,,,,,,,
Android,aporter/coursera-android,/home/gabriel/Documentos/ic2/analiseDosProjetosGerais/repositorios/aporter/coursera-android/Examples2018/BasicColorPalette/app/build.gradle,21,26,,,,,,,,,,,,,,,,
Android,aporter/coursera-android,/home/gabriel/Documentos/ic2/analiseDosProjetosGerais/repositorios/aporter/coursera-android/Examples2018/BasicColorPaletteUpnav/app/build.gradle,21,26,,,,,,,,,,,,,,,,
Android,aporter/coursera-android,/home/gabriel/Documentos/ic2/analiseDosProjetosGerais/repositorios/aporter/coursera-android/Examples2018/BcastRecCompBcast/app/build.gradle,21,26,,,,,,,,,,,,,,,,
Android,aporter/coursera-android,/home/gabriel/Documentos/ic2/analiseDosProjetosGerais/repositorios/aporter/coursera-android/Examples2018/BcastRecCompOrdBcast/app/build.gradle,21,26,,,,,,,,,,,,,,,,
Android,aporter/coursera-android,/home/gabriel/Documentos/ic2/analiseDosProjetosGerais/repositorios/aporter/coursera-android/Examples2018/BcastRecCompOrdBcastWithResRec/app/build.gradle,21,26,,,,,,,,,,,,,,,,
Android,aporter/coursera-android,/home/gabriel/Documentos/ic2/analiseDosProjetosGerais/repositorios/aporter/coursera-android/Examples2018/BcastRecGoAsync/app/build.gradle,21,26,,,,,,,,,,,,,,,,
Android,aporter/coursera-android,/home/gabriel/Documentos/ic2/analiseDosProjetosGerais/repositorios/aporter/coursera-android/Examples2018/BcastRecSinBcastDynReg/app/build.gradle,21,26,,,,,,,,,,,,,,,,
Android,aporter/coursera-android,/home/gabriel/Documentos/ic2/analiseDosProjetosGerais/repositorios/aporter/coursera-android/Examples2018/BcastRecSinBcastStatReg/app/build.gradle,21,26,,,,,,,,,,,,,,,,
Android,aporter/coursera-android,/home/gabriel/Documentos/ic2/analiseDosProjetosGerais/repositorios/aporter/coursera-android/Examples2018/ColorPaletteWithNavDrawer/app/build.gradle,21,26,,,,,,,,,,,,,,,,
Android,aporter/coursera-android,/home/gabriel/Documentos/ic2/analiseDosProjetosGerais/repositorios/aporter/coursera-android/Examples2018/ColorPaletteWithSwipe/app/build.gradle,21,26,,,,,,,,,,,,,,,,
Android,aporter/coursera-android,/home/gabriel/Documentos/ic2/analiseDosProjetosGerais/repositorios/aporter/coursera-android/Examples2018/DataManagementFileExternalMemory/app/build.gradle,21,26,,,,,,,,,,,,,,,,
Android,aporter/coursera-android,/home/gabriel/Documentos/ic2/analiseDosProjetosGerais/repositorios/aporter/coursera-android/Examples2018/DataManagementFileInternalMemory/app/build.gradle,21,26,,,,,,,,,,,,,,,,
Android,aporter/coursera-android,/home/gabriel/Documentos/ic2/analiseDosProjetosGerais/repositorios/aporter/coursera-android/Examples2018/DataManagementPreferenceFragment/app/build.gradle,21,26,,,,,,,,,,,,,,,,
Android,aporter/coursera-android,/home/gabriel/Documentos/ic2/analiseDosProjetosGerais/repositorios/aporter/coursera-android/Examples2018/DataManagementSharedPreference/app/build.gradle,21,26,,,,,,,,,,,,,,,,
Android,aporter/coursera-android,/home/gabriel/Documentos/ic2/analiseDosProjetosGerais/repositorios/aporter/coursera-android/Examples2018/DataManagementSQL/app/build.gradle,21,26,,,,,,,,,,,,,,,,
Android,aporter/coursera-android,/home/gabriel/Documentos/ic2/analiseDosProjetosGerais/repositorios/aporter/coursera-android/Examples2018/FragmentDynamicLayout/app/build.gradle,21,26,,,,,,,,,,,,,,,,
Android,aporter/coursera-android,/home/gabriel/Documentos/ic2/analiseDosProjetosGerais/repositorios/aporter/coursera-android/Examples2018/FragmentDynamicLayoutWithActionBar/app/build.gradle,21,26,,,,,,,,,,,,,,,,
Android,aporter/coursera-android,/home/gabriel/Documentos/ic2/analiseDosProjetosGerais/repositorios/aporter/coursera-android/Examples2018/FragmentProgrammaticLayout/app/build.gradle,21,26,,,,,,,,,,,,,,,,
Android,aporter/coursera-android,/home/gabriel/Documentos/ic2/analiseDosProjetosGerais/repositorios/aporter/coursera-android/Examples2018/FragmentQuoteViewerWithActivity/app/build.gradle,21,26,,,,,,,,,,,,,,,,
Android,aporter/coursera-android,/home/gabriel/Documentos/ic2/analiseDosProjetosGerais/repositorios/aporter/coursera-android/Examples2018/FragmentStaticConfigLayout/app/build.gradle,21,26,,,,,,,,,,,,,,,,
Android,aporter/coursera-android,/home/gabriel/Documentos/ic2/analiseDosProjetosGerais/repositorios/aporter/coursera-android/Examples2018/FragmentStaticLayout/app/build.gradle,21,26,,,,,,,,,,,,,,,,
Android,aporter/coursera-android,/home/gabriel/Documentos/ic2/analiseDosProjetosGerais/repositorios/aporter/coursera-android/Examples2018/GraphicsBubbleXML/app/build.gradle,21,26,,,,,,,,,,,,,,,,
Android,aporter/coursera-android,/home/gabriel/Documentos/ic2/analiseDosProjetosGerais/repositorios/aporter/coursera-android/Examples2018/HelloAndroidWithLogin/app/build.gradle,21,26,,,,,,,,,,,,,,,,
Android,aporter/coursera-android,/home/gabriel/Documentos/ic2/analiseDosProjetosGerais/repositorios/aporter/coursera-android/Examples2018/HelloAndroidWithMenus/app/build.gradle,21,26,,,,,,,,,,,,,,,,
Android,aporter/coursera-android,/home/gabriel/Documentos/ic2/analiseDosProjetosGerais/repositorios/aporter/coursera-android/Examples2018/HelloWorld/app/build.gradle,21,26,,,,,,,,,,,,,,,,
Android,aporter/coursera-android,/home/gabriel/Documentos/ic2/analiseDosProjetosGerais/repositorios/aporter/coursera-android/Examples2018/MapLocation/app/build.gradle,21,26,,,,,,,,,,,,,,,,
Android,aporter/coursera-android,/home/gabriel/Documentos/ic2/analiseDosProjetosGerais/repositorios/aporter/coursera-android/Examples2018/MapLocationFromContacts/app/build.gradle,21,26,,,,,,,,,,,,,,,,
Android,aporter/coursera-android,/home/gabriel/Documentos/ic2/analiseDosProjetosGerais/repositorios/aporter/coursera-android/Examples2018/NetworkingJSON/app/build.gradle,21,26,,,,,,,,,,,,,,,,
Android,aporter/coursera-android,/home/gabriel/Documentos/ic2/analiseDosProjetosGerais/repositorios/aporter/coursera-android/Examples2018/NetworkingSockets/app/build.gradle,21,26,,,,,,,,,,,,,,,,
Android,aporter/coursera-android,/home/gabriel/Documentos/ic2/analiseDosProjetosGerais/repositorios/aporter/coursera-android/Examples2018/NetworkingURL/app/build.gradle,21,26,,,,,,,,,,,,,,,,
Android,aporter/coursera-android,/home/gabriel/Documentos/ic2/analiseDosProjetosGerais/repositorios/aporter/coursera-android/Examples2018/NetworkingXML/app/build.gradle,21,26,,,,,,,,,,,,,,,,
Android,aporter/coursera-android,/home/gabriel/Documentos/ic2/analiseDosProjetosGerais/repositorios/aporter/coursera-android/Examples2018/NotificationToast/app/build.gradle,21,26,,,,,,,,,,,,,,,,
Android,aporter/coursera-android,/home/gabriel/Documentos/ic2/analiseDosProjetosGerais/repositorios/aporter/coursera-android/Examples2018/NotificationToastWithCustomView/app/build.gradle,21,26,,,,,,,,,,,,,,,,
Android,aporter/coursera-android,/home/gabriel/Documentos/ic2/analiseDosProjetosGerais/repositorios/aporter/coursera-android/Examples2018/PermissionExampleBoom/app/build.gradle,21,26,,,,,,,,,,,,,,,,
Android,aporter/coursera-android,/home/gabriel/Documentos/ic2/analiseDosProjetosGerais/repositorios/aporter/coursera-android/Examples2018/PermissionExampleBoomUser/app/build.gradle,21,26,,,,,,,,,,,,,,,,
Android,aporter/coursera-android,/home/gabriel/Documentos/ic2/analiseDosProjetosGerais/repositorios/aporter/coursera-android/Examples2018/TheAnswer/app/build.gradle,21,26,,,,,,,,,,,,,,,,
Android,aporter/coursera-android,/home/gabriel/Documentos/ic2/analiseDosProjetosGerais/repositorios/aporter/coursera-android/Examples2018/ThreadingAsyncTask/app/build.gradle,21,26,,,,,,,,,,,,,,,,
Android,aporter/coursera-android,/home/gabriel/Documentos/ic2/analiseDosProjetosGerais/repositorios/aporter/coursera-android/Examples2018/ThreadingHandlerMessages/app/build.gradle,21,26,,,,,,,,,,,,,,,,
Android,aporter/coursera-android,/home/gabriel/Documentos/ic2/analiseDosProjetosGerais/repositorios/aporter/coursera-android/Examples2018/ThreadingHandlerRunnable/app/build.gradle,21,26,,,,,,,,,,,,,,,,
Android,aporter/coursera-android,/home/gabriel/Documentos/ic2/analiseDosProjetosGerais/repositorios/aporter/coursera-android/Examples2018/ThreadingNoThreading/app/build.gradle,21,26,,,,,,,,,,,,,,,,
Android,aporter/coursera-android,/home/gabriel/Documentos/ic2/analiseDosProjetosGerais/repositorios/aporter/coursera-android/Examples2018/ThreadingRunOnUiThread/app/build.gradle,21,26,,,,,,,,,,,,,,,,
Android,aporter/coursera-android,/home/gabriel/Documentos/ic2/analiseDosProjetosGerais/repositorios/aporter/coursera-android/Examples2018/ThreadingSimple/app/build.gradle,21,26,,,,,,,,,,,,,,,,
Android,aporter/coursera-android,/home/gabriel/Documentos/ic2/analiseDosProjetosGerais/repositorios/aporter/coursera-android/Examples2018/ThreadingViewPost/app/build.gradle,21,26,,,,,,,,,,,,,,,,
Android,aporter/coursera-android,/home/gabriel/Documentos/ic2/analiseDosProjetosGerais/repositorios/aporter/coursera-android/Examples2018/Ticker/app/build.gradle,21,26,,,,,,,,,,,,,,,,
Android,aporter/coursera-android,/home/gabriel/Documentos/ic2/analiseDosProjetosGerais/repositorios/aporter/coursera-android/Examples2018/UIAlertDialog/app/build.gradle,21,26,,,,,,,,,,,,,,,,
Android,aporter/coursera-android,/home/gabriel/Documentos/ic2/analiseDosProjetosGerais/repositorios/aporter/coursera-android/Examples2018/UIAutoComplete/app/build.gradle,21,26,,,,,,,,,,,,,,,,
Android,aporter/coursera-android,/home/gabriel/Documentos/ic2/analiseDosProjetosGerais/repositorios/aporter/coursera-android/Examples2018/UIButton/app/build.gradle,21,26,,,,,,,,,,,,,,,,
Android,aporter/coursera-android,/home/gabriel/Documentos/ic2/analiseDosProjetosGerais/repositorios/aporter/coursera-android/Examples2018/UICardView/app/build.gradle,21,26,,,,,,,,,,,,,,,,
Android,aporter/coursera-android,/home/gabriel/Documentos/ic2/analiseDosProjetosGerais/repositorios/aporter/coursera-android/Examples2018/UICheckBox/app/build.gradle,21,26,,,,,,,,,,,,,,,,
Android,aporter/coursera-android,/home/gabriel/Documentos/ic2/analiseDosProjetosGerais/repositorios/aporter/coursera-android/Examples2018/UIDatePickerFragment/app/build.gradle,21,26,,,,,,,,,,,,,,,,
Android,aporter/coursera-android,/home/gabriel/Documentos/ic2/analiseDosProjetosGerais/repositorios/aporter/coursera-android/Examples2018/UIGoogleMaps/app/build.gradle,21,26,,,,,,,,,,,,,,,,
Android,aporter/coursera-android,/home/gabriel/Documentos/ic2/analiseDosProjetosGerais/repositorios/aporter/coursera-android/Examples2018/UIGridLayout/app/build.gradle,21,26,,,,,,,,,,,,,,,,
Android,aporter/coursera-android,/home/gabriel/Documentos/ic2/analiseDosProjetosGerais/repositorios/aporter/coursera-android/Examples2018/UILinearLayout/app/build.gradle,21,26,,,,,,,,,,,,,,,,
Android,aporter/coursera-android,/home/gabriel/Documentos/ic2/analiseDosProjetosGerais/repositorios/aporter/coursera-android/Examples2018/UIListView/app/build.gradle,21,26,,,,,,,,,,,,,,,,
Android,aporter/coursera-android,/home/gabriel/Documentos/ic2/analiseDosProjetosGerais/repositorios/aporter/coursera-android/Examples2018/UIListViewCustomAdapter/app/build.gradle,21,26,,,,,,,,,,,,,,,,
Android,aporter/coursera-android,/home/gabriel/Documentos/ic2/analiseDosProjetosGerais/repositorios/aporter/coursera-android/Examples2018/UIRadioGroup/app/build.gradle,21,26,,,,,,,,,,,,,,,,
Android,aporter/coursera-android,/home/gabriel/Documentos/ic2/analiseDosProjetosGerais/repositorios/aporter/coursera-android/Examples2018/UIRatingsBar/app/build.gradle,21,26,,,,,,,,,,,,,,,,
Android,aporter/coursera-android,/home/gabriel/Documentos/ic2/analiseDosProjetosGerais/repositorios/aporter/coursera-android/Examples2018/UIRecyclerView/app/build.gradle,21,26,,,,,,,,,,,,,,,,
Android,aporter/coursera-android,/home/gabriel/Documentos/ic2/analiseDosProjetosGerais/repositorios/aporter/coursera-android/Examples2018/UIRelativeLayout/app/build.gradle,21,26,,,,,,,,,,,,,,,,
Android,aporter/coursera-android,/home/gabriel/Documentos/ic2/analiseDosProjetosGerais/repositorios/aporter/coursera-android/Examples2018/UISpinner/app/build.gradle,21,26,,,,,,,,,,,,,,,,
Android,aporter/coursera-android,/home/gabriel/Documentos/ic2/analiseDosProjetosGerais/repositorios/aporter/coursera-android/Examples2018/UITableLayout/app/build.gradle,21,26,,,,,,,,,,,,,,,,
Android,aporter/coursera-android,/home/gabriel/Documentos/ic2/analiseDosProjetosGerais/repositorios/aporter/coursera-android/Examples2018/UITimePicker/app/build.gradle,21,26,,,,,,,,,,,,,,,,
Android,aporter/coursera-android,/home/gabriel/Documentos/ic2/analiseDosProjetosGerais/repositorios/aporter/coursera-android/Examples2018/UITimePickerFragment/app/build.gradle,21,26,,,,,,,,,,,,,,,,
Android,aporter/coursera-android,/home/gabriel/Documentos/ic2/analiseDosProjetosGerais/repositorios/aporter/coursera-android/Examples2018/UIToggleButton/app/build.gradle,21,26,,,,,,,,,,,,,,,,
Android,aporter/coursera-android,/home/gabriel/Documentos/ic2/analiseDosProjetosGerais/repositorios/aporter/coursera-android/Examples2018/UIViewPager/app/build.gradle,21,26,,,,,,,,,,,,,,,,
Android,aporter/coursera-android,/home/gabriel/Documentos/ic2/analiseDosProjetosGerais/repositorios/aporter/coursera-android/Examples2018/UIWebView/app/build.gradle,21,26,,,,,,,,,,,,,,,,
Android,aporter/coursera-android,/home/gabriel/Documentos/ic2/analiseDosProjetosGerais/repositorios/aporter/coursera-android/Examples2018/AudioVideoAudioManager/app/build.gradle,23,26,,,,,,,,,,,,,,,,
Android,aporter/coursera-android,/home/gabriel/Documentos/ic2/analiseDosProjetosGerais/repositorios/aporter/coursera-android/Examples2018/AudioVideoAudioRecording/app/build.gradle,23,26,,,,,,,,,,,,,,,,
Android,aporter/coursera-android,/home/gabriel/Documentos/ic2/analiseDosProjetosGerais/repositorios/aporter/coursera-android/Examples2018/AudioVideoRingtoneManager/app/build.gradle,23,26,,,,,,,,,,,,,,,,
Android,aporter/coursera-android,/home/gabriel/Documentos/ic2/analiseDosProjetosGerais/repositorios/aporter/coursera-android/Examples2018/AudioVideoVideoPlay/app/build.gradle,23,26,,,,,,,,,,,,,,,,
Android,aporter/coursera-android,/home/gabriel/Documentos/ic2/analiseDosProjetosGerais/repositorios/aporter/coursera-android/Examples2018/ContentProviderCustom/app/build.gradle,23,26,,,,,,,,,,,,,,,,
Android,aporter/coursera-android,/home/gabriel/Documentos/ic2/analiseDosProjetosGerais/repositorios/aporter/coursera-android/Examples2018/ContentProviderCustomUser/app/build.gradle,23,26,,,,,,,,,,,,,,,,
Android,aporter/coursera-android,/home/gabriel/Documentos/ic2/analiseDosProjetosGerais/repositorios/aporter/coursera-android/Examples2018/ContentProviderExample/app/build.gradle,23,26,,,,,,,,,,,,,,,,
Android,aporter/coursera-android,/home/gabriel/Documentos/ic2/analiseDosProjetosGerais/repositorios/aporter/coursera-android/Examples2018/ContentProviderInsertContacts/app/build.gradle,23,26,,,,,,,,,,,,,,,,
Android,aporter/coursera-android,/home/gabriel/Documentos/ic2/analiseDosProjetosGerais/repositorios/aporter/coursera-android/Examples2018/ContentProviderWithCursorLoader/app/build.gradle,23,26,,,,,,,,,,,,,,,,
Android,aporter/coursera-android,/home/gabriel/Documentos/ic2/analiseDosProjetosGerais/repositorios/aporter/coursera-android/Examples2018/ContentProviderWithSimpleAdapter/app/build.gradle,23,26,,,,,,,,,,,,,,,,
Android,aporter/coursera-android,/home/gabriel/Documentos/ic2/analiseDosProjetosGerais/repositorios/aporter/coursera-android/Examples2018/GraphicsBubbleProgram/app/build.gradle,23,26,,,,,,,,,,,,,,,,
Android,aporter/coursera-android,/home/gabriel/Documentos/ic2/analiseDosProjetosGerais/repositorios/aporter/coursera-android/Examples2018/GraphicsCanvasBubble/app/build.gradle,23,26,,,,,,,,,,,,,,,,
Android,aporter/coursera-android,/home/gabriel/Documentos/ic2/analiseDosProjetosGerais/repositorios/aporter/coursera-android/Examples2018/GraphicsCanvasBubbleSurfaceView/app/build.gradle,23,26,,,,,,,,,,,,,,,,
Android,aporter/coursera-android,/home/gabriel/Documentos/ic2/analiseDosProjetosGerais/repositorios/aporter/coursera-android/Examples2018/GraphicsFrameAnimation/app/build.gradle,23,26,,,,,,,,,,,,,,,,
Android,aporter/coursera-android,/home/gabriel/Documentos/ic2/analiseDosProjetosGerais/repositorios/aporter/coursera-android/Examples2018/GraphicsPaint/app/build.gradle,23,26,,,,,,,,,,,,,,,,
Android,aporter/coursera-android,/home/gabriel/Documentos/ic2/analiseDosProjetosGerais/repositorios/aporter/coursera-android/Examples2018/GraphicsShapeDraw/app/build.gradle,23,26,,,,,,,,,,,,,,,,
Android,aporter/coursera-android,/home/gabriel/Documentos/ic2/analiseDosProjetosGerais/repositorios/aporter/coursera-android/Examples2018/GraphicsShapeDrawXML/app/build.gradle,23,26,,,,,,,,,,,,,,,,
Android,aporter/coursera-android,/home/gabriel/Documentos/ic2/analiseDosProjetosGerais/repositorios/aporter/coursera-android/Examples2018/GraphicsTransitionDrawable/app/build.gradle,23,26,,,,,,,,,,,,,,,,
Android,aporter/coursera-android,/home/gabriel/Documentos/ic2/analiseDosProjetosGerais/repositorios/aporter/coursera-android/Examples2018/GraphicsTweenAnimation/app/build.gradle,23,26,,,,,,,,,,,,,,,,
Android,aporter/coursera-android,/home/gabriel/Documentos/ic2/analiseDosProjetosGerais/repositorios/aporter/coursera-android/Examples2018/GraphicsValueAnimator/app/build.gradle,23,26,,,,,,,,,,,,,,,,
Android,aporter/coursera-android,/home/gabriel/Documentos/ic2/analiseDosProjetosGerais/repositorios/aporter/coursera-android/Examples2018/GraphicsViewPropertyAnimator/app/build.gradle,23,26,,,,,,,,,,,,,,,,
Android,aporter/coursera-android,/home/gabriel/Documentos/ic2/analiseDosProjetosGerais/repositorios/aporter/coursera-android/Examples2018/LocationGetLocation/app/build.gradle,23,26,,,,,,,,,,,,,,,,
Android,aporter/coursera-android,/home/gabriel/Documentos/ic2/analiseDosProjetosGerais/repositorios/aporter/coursera-android/Examples2018/LocationGetLocationServices/app/build.gradle,23,26,,,,,,,,,,,,,,,,
Android,aporter/coursera-android,/home/gabriel/Documentos/ic2/analiseDosProjetosGerais/repositorios/aporter/coursera-android/Examples2018/MapEarthQuakeMap/app/build.gradle,23,26,,,,,,,,,,,,,,,,
Android,aporter/coursera-android,/home/gabriel/Documentos/ic2/analiseDosProjetosGerais/repositorios/aporter/coursera-android/Examples2018/SensorCompass/app/build.gradle,23,26,,,,,,,,,,,,,,,,
Android,aporter/coursera-android,/home/gabriel/Documentos/ic2/analiseDosProjetosGerais/repositorios/aporter/coursera-android/Examples2018/SensorFilteredAccelerometer/app/build.gradle,23,26,,,,,,,,,,,,,,,,
Android,aporter/coursera-android,/home/gabriel/Documentos/ic2/analiseDosProjetosGerais/repositorios/aporter/coursera-android/Examples2018/SensorRawAccelerometer/app/build.gradle,23,26,,,,,,,,,,,,,,,,
Android,aporter/coursera-android,/home/gabriel/Documentos/ic2/analiseDosProjetosGerais/repositorios/aporter/coursera-android/Examples2018/TouchGestures/app/build.gradle,23,26,,,,,,,,,,,,,,,,
Android,aporter/coursera-android,/home/gabriel/Documentos/ic2/analiseDosProjetosGerais/repositorios/aporter/coursera-android/Examples2018/TouchGestureViewFlipperTest/app/build.gradle,23,26,,,,,,,,,,,,,,,,
Android,aporter/coursera-android,/home/gabriel/Documentos/ic2/analiseDosProjetosGerais/repositorios/aporter/coursera-android/Examples2018/TouchIndicateTouchLocation/app/build.gradle,23,26,,,,,,,,,,,,,,,,
Android,aporter/coursera-android,/home/gabriel/Documentos/ic2/analiseDosProjetosGerais/repositorios/aporter/coursera-android/Examples2018/AlarmCreate/app/build.gradle,26,26,,,,,,,,,,,,,,,,
Android,aporter/coursera-android,/home/gabriel/Documentos/ic2/analiseDosProjetosGerais/repositorios/aporter/coursera-android/Examples2018/LifecycleAwareTicker/app/build.gradle,26,26,,,,,,,,,,,,,,,,
Android,aporter/coursera-android,/home/gabriel/Documentos/ic2/analiseDosProjetosGerais/repositorios/aporter/coursera-android/Examples2018/NotificationStatusBar/app/build.gradle,26,26,,,,,,,,,,,,,,,,
Android,aporter/coursera-android,/home/gabriel/Documentos/ic2/analiseDosProjetosGerais/repositorios/aporter/coursera-android/Examples2018/NotificationStatusBarWithCustomView/app/build.gradle,26,26,,,,,,,,,,,,,,,,
Android,cachapa/ExpandableLayout,/home/gabriel/Documentos/ic2/analiseDosProjetosGerais/repositorios/cachapa/ExpandableLayout/demo/build.gradle,14,27,,,,,,,,,,,,,,,,
Android,cachapa/ExpandableLayout,/home/gabriel/Documentos/ic2/analiseDosProjetosGerais/repositorios/cachapa/ExpandableLayout/lib/build.gradle,14,27,,,,,,,,,,,,,,,,
Android,ryanlijianchang/Recyclerview-Gallery,/home/gabriel/Documentos/ic2/analiseDosProjetosGerais/repositorios/ryanlijianchang/Recyclerview-Gallery/rv-gallery/build.gradle,14,27,,,,,,,,,,,,,,,,
Android,ksvc/KSYLive_Android,/home/gabriel/Documentos/ic2/analiseDosProjetosGerais/repositorios/ksvc/KSYLive_Android/KSYLiveDemo/app/build.gradle,15,27,,,,,,,,,,,,,,,,
Android,ksvc/KSYLive_Android,/home/gabriel/Documentos/ic2/analiseDosProjetosGerais/repositorios/ksvc/KSYLive_Android/KSYLiveDemo/libksylive/build.gradle,15,27,,,,,,,,,,,,,,,,
Android,ksvc/KSYStreamer_Android,/home/gabriel/Documentos/ic2/analiseDosProjetosGerais/repositorios/ksvc/KSYStreamer_Android/demo/build.gradle,15,27,,,,,,,,,,,,,,,,
Android,medyo/android-about-page,/home/gabriel/Documentos/ic2/analiseDosProjetosGerais/repositorios/medyo/android-about-page/app/build.gradle,15,27,,,,,,,,,,,,,,,,
Android,medyo/android-about-page,/home/gabriel/Documentos/ic2/analiseDosProjetosGerais/repositorios/medyo/android-about-page/library/build.gradle,15,27,,,,,,,,,,,,,,,,
Android,ryanlijianchang/Recyclerview-Gallery,/home/gabriel/Documentos/ic2/analiseDosProjetosGerais/repositorios/ryanlijianchang/Recyclerview-Gallery/app/build.gradle,15,27,,,,,,,,,,,,,,,,
Android,aliumujib/Nibo,/home/gabriel/Documentos/ic2/analiseDosProjetosGerais/repositorios/aliumujib/Nibo/build.gradle,16,27,,,,,,,,,,,,,,,,
Android,mdg-iitr/RotatingText,/home/gabriel/Documentos/ic2/analiseDosProjetosGerais/repositorios/mdg-iitr/RotatingText/app/build.gradle,16,27,,,,,,,,,,,,,,,,
Android,mdg-iitr/RotatingText,/home/gabriel/Documentos/ic2/analiseDosProjetosGerais/repositorios/mdg-iitr/RotatingText/rotatingtext/build.gradle,16,27,,,,,,,,,,,,,,,,
Android,iamMehedi/Secured-Preference-Store,/home/gabriel/Documentos/ic2/analiseDosProjetosGerais/repositorios/iamMehedi/Secured-Preference-Store/app/build.gradle,18,27,,,,,,,,,,,,,,,,
Android,iamMehedi/Secured-Preference-Store,/home/gabriel/Documentos/ic2/analiseDosProjetosGerais/repositorios/iamMehedi/Secured-Preference-Store/securedpreferencestore/build.gradle,18,27,,,,,,,,,,,,,,,,
Android,pavlospt/RxFile,/home/gabriel/Documentos/ic2/analiseDosProjetosGerais/repositorios/pavlospt/RxFile/app/build.gradle,19,27,,,,,,,,,,,,,,,,
Android,pavlospt/RxFile,/home/gabriel/Documentos/ic2/analiseDosProjetosGerais/repositorios/pavlospt/RxFile/rxfile/build.gradle,19,27,,,,,,,,,,,,,,,,
Android,lessthanoptimal/BoofCV,/home/gabriel/Documentos/ic2/analiseDosProjetosGerais/repositorios/lessthanoptimal/BoofCV/integration/boofcv-android/examples/video/app/build.gradle,21,27,,,,,,,,,,,,,,,,
Android,androidthings/sample-tensorflow-imageclassifier,/home/gabriel/Documentos/ic2/analiseDosProjetosGerais/repositorios/androidthings/sample-tensorflow-imageclassifier/app/build.gradle,27,27,,,,,,,,,,,,,,,,
Android,amilcar-sr/JustifiedTextView,/home/gabriel/Documentos/ic2/analiseDosProjetosGerais/repositorios/amilcar-sr/JustifiedTextView/library/build.gradle,14,28,,,,,,,,,,,,,,,,
Android,amilcar-sr/JustifiedTextView,/home/gabriel/Documentos/ic2/analiseDosProjetosGerais/repositorios/amilcar-sr/JustifiedTextView/sample-app/build.gradle,14,28,,,,,,,,,,,,,,,,
Android,Beseting/PhotoBrowse,/home/gabriel/Documentos/ic2/analiseDosProjetosGerais/repositorios/Beseting/PhotoBrowse/app/build.gradle,14,28,,,,,,,,,,,,,,,,
Android,Beseting/PhotoBrowse,/home/gabriel/Documentos/ic2/analiseDosProjetosGerais/repositorios/Beseting/PhotoBrowse/photo-browse/build.gradle,14,28,,,,,,,,,,,,,,,,
Android,brianwernick/ExoMedia,/home/gabriel/Documentos/ic2/analiseDosProjetosGerais/repositorios/brianwernick/ExoMedia/library/build.gradle,14,28,,,,,,,,,,,,,,,,
Android,cping/LGame,/home/gabriel/Documentos/ic2/analiseDosProjetosGerais/repositorios/cping/LGame/Java/loon-gradle-template/android/build.gradle,14,28,,,,,,,,,,,,,,,,
Android,HITGIF/TextFieldBoxes,/home/gabriel/Documentos/ic2/analiseDosProjetosGerais/repositorios/HITGIF/TextFieldBoxes/sample/build.gradle,15,28,,,,,,,,,,,,,,,,
Android,HITGIF/TextFieldBoxes,/home/gabriel/Documentos/ic2/analiseDosProjetosGerais/repositorios/HITGIF/TextFieldBoxes/textfieldboxes/build.gradle,15,28,,,,,,,,,,,,,,,,
Android,shangmingchao/PopupList,/home/gabriel/Documentos/ic2/analiseDosProjetosGerais/repositorios/shangmingchao/PopupList/samples/build.gradle,15,28,,,,,,,,,,,,,,,,
Android,ShawnLin013/NumberPicker,/home/gabriel/Documentos/ic2/analiseDosProjetosGerais/repositorios/ShawnLin013/NumberPicker/library/build.gradle,15,28,,,,,,,,,,,,,,,,
Android,ShawnLin013/NumberPicker,/home/gabriel/Documentos/ic2/analiseDosProjetosGerais/repositorios/ShawnLin013/NumberPicker/sample/build.gradle,15,28,,,,,,,,,,,,,,,,
Android,uber/rave,/home/gabriel/Documentos/ic2/analiseDosProjetosGerais/repositorios/uber/rave/sample/build.gradle,15,28,,,,,,,,,,,,,,,,
Android,yangchong211/YCShopDetailLayout,/home/gabriel/Documentos/ic2/analiseDosProjetosGerais/repositorios/yangchong211/YCShopDetailLayout/YCSlideLib/build.gradle,15,28,,,,,,,,,,,,,,,,
Android,brianwernick/ExoMedia,/home/gabriel/Documentos/ic2/analiseDosProjetosGerais/repositorios/brianwernick/ExoMedia/demo/build.gradle,16,28,,,,,,,,,,,,,,,,
Android,codekidX/storage-chooser,/home/gabriel/Documentos/ic2/analiseDosProjetosGerais/repositorios/codekidX/storage-chooser/app/build.gradle,16,28,,,,,,,,,,,,,,,,
Android,codekidX/storage-chooser,/home/gabriel/Documentos/ic2/analiseDosProjetosGerais/repositorios/codekidX/storage-chooser/storagechooser/build.gradle,16,28,,,,,,,,,,,,,,,,
Android,ganyao114/SandHook,/home/gabriel/Documentos/ic2/analiseDosProjetosGerais/repositorios/ganyao114/SandHook/nativehook/build.gradle,16,28,,,,,,,,,,,,,,,,
Android,hnvn/flutter_image_cropper,/home/gabriel/Documentos/ic2/analiseDosProjetosGerais/repositorios/hnvn/flutter_image_cropper/example/android/app/build.gradle,16,28,,,,,,,,,,,,,,,,
Android,kiwi-bop/flutter_crashlytics,/home/gabriel/Documentos/ic2/analiseDosProjetosGerais/repositorios/kiwi-bop/flutter_crashlytics/example/android/app/build.gradle,16,28,,,,,,,,,,,,,,,,
Android,vector-im/riot-android,/home/gabriel/Documentos/ic2/analiseDosProjetosGerais/repositorios/vector-im/riot-android/vector/build.gradle,16,28,,,,,,,,,,,,,,,,
Android,yangchong211/YCShopDetailLayout,/home/gabriel/Documentos/ic2/analiseDosProjetosGerais/repositorios/yangchong211/YCShopDetailLayout/app/build.gradle,17,28,,,,,,,,,,,,,,,,
Android,codeka/wwmmo,/home/gabriel/Documentos/ic2/analiseDosProjetosGerais/repositorios/codeka/wwmmo/client/build.gradle,19,28,,,,,,,,,,,,,,,,
Android,frostwire/frostwire,/home/gabriel/Documentos/ic2/analiseDosProjetosGerais/repositorios/frostwire/frostwire/android/build.gradle,19,28,,,,,,,,,,,,,,,,
Android,ganyao114/SandHook,/home/gabriel/Documentos/ic2/analiseDosProjetosGerais/repositorios/ganyao114/SandHook/app/build.gradle,19,28,,,,,,,,,,,,,,,,
Android,ganyao114/SandHook,/home/gabriel/Documentos/ic2/analiseDosProjetosGerais/repositorios/ganyao114/SandHook/hooklib/build.gradle,19,28,,,,,,,,,,,,,,,,
Android,ganyao114/SandHook,/home/gabriel/Documentos/ic2/analiseDosProjetosGerais/repositorios/ganyao114/SandHook/xposedcompat_new/build.gradle,19,28,,,,,,,,,,,,,,,,
Android,ganyao114/SandHook,/home/gabriel/Documentos/ic2/analiseDosProjetosGerais/repositorios/ganyao114/SandHook/xposedcompat/build.gradle,19,28,,,,,,,,,,,,,,,,
Android,ganyao114/SandHook,/home/gabriel/Documentos/ic2/analiseDosProjetosGerais/repositorios/ganyao114/SandHook/hookers/build.gradle,21,28,,,,,,,,,,,,,,,,
Android,slymax/webview,/home/gabriel/Documentos/ic2/analiseDosProjetosGerais/repositorios/slymax/webview/app/build.gradle,21,28,,,,,,,,,,,,,,,,
Android,WrBug/DeveloperHelper,/home/gabriel/Documentos/ic2/analiseDosProjetosGerais/repositorios/WrBug/DeveloperHelper/app/build.gradle,21,28,,,,,,,,,,,,,,,,
Android,WrBug/DeveloperHelper,/home/gabriel/Documentos/ic2/analiseDosProjetosGerais/repositorios/WrBug/DeveloperHelper/basecommon/build.gradle,21,28,,,,,,,,,,,,,,,,
Android,WrBug/DeveloperHelper,/home/gabriel/Documentos/ic2/analiseDosProjetosGerais/repositorios/WrBug/DeveloperHelper/commonutil/build.gradle,21,28,,,,,,,,,,,,,,,,
Android,WrBug/DeveloperHelper,/home/gabriel/Documentos/ic2/analiseDosProjetosGerais/repositorios/WrBug/DeveloperHelper/commonwidget/build.gradle,21,28,,,,,,,,,,,,,,,,
Android,WrBug/DeveloperHelper,/home/gabriel/Documentos/ic2/analiseDosProjetosGerais/repositorios/WrBug/DeveloperHelper/mmkv/build.gradle,21,28,,,,,,,,,,,,,,,,
Android,WrBug/DeveloperHelper,/home/gabriel/Documentos/ic2/analiseDosProjetosGerais/repositorios/WrBug/DeveloperHelper/xposedmodule/build.gradle,21,28,,,,,,,,,,,,,,,,
