framework,projeto,caminho,versao,delay,Data do commit,hora,data da versao,data,hora,
Android,aliyun/alicloud-android-demo,/home/gabriel/Documentos/ic2/analiseDosProjetosGerais/repositorios/aliyun/alicloud-android-demo/man_android_demo/build.gradle,21,357,Data do commit: 2015-10-09, 12:16:49,Data de lancamento da versao,2014-10-17, 00:00:00,138
Android,aliyun/alicloud-android-demo,/home/gabriel/Documentos/ic2/analiseDosProjetosGerais/repositorios/aliyun/alicloud-android-demo/man_android_demo/build.gradle,23,64,Data do commit: 2015-10-20, 14:51:53,Data de lancamento da versao,2015-08-17, 00:00:00,9
Android,tvbarthel/ChaseWhisplyProject,/home/gabriel/Documentos/ic2/analiseDosProjetosGerais/repositorios/tvbarthel/ChaseWhisplyProject/ChaseWhisply/build.gradle,24,118,Data do commit: 2016-10-11, 08:36:46,Data de lancamento da versao,2016-06-15, 00:00:00,
Android,nicolasjafelle/PagingListView,/home/gabriel/Documentos/ic2/analiseDosProjetosGerais/repositorios/nicolasjafelle/PagingListView/PagingListViewProject/PagingListView/build.gradle,22,81,Data do commit: 2015-05-29, 19:22:11,Data de lancamento da versao,2015-03-09, 00:00:00,
Android,nicolasjafelle/PagingListView,/home/gabriel/Documentos/ic2/analiseDosProjetosGerais/repositorios/nicolasjafelle/PagingListView/PagingListViewProject/PagingListViewSample/build.gradle,22,81,Data do commit: 2015-05-29, 19:22:11,Data de lancamento da versao,2015-03-09, 00:00:00,
Android,android-hacker/VirtualXposed,/home/gabriel/Documentos/ic2/analiseDosProjetosGerais/repositorios/android-hacker/VirtualXposed/VirtualApp/lib/build.gradle,25,31,Data do commit: 2016-12-23, 14:59:45,Data de lancamento da versao,2016-11-22, 00:00:00,
Android,android-hacker/VirtualXposed,/home/gabriel/Documentos/ic2/analiseDosProjetosGerais/repositorios/android-hacker/VirtualXposed/VirtualApp/lib/build.gradle,23,494,Data do commit: 2016-12-23, 00:44:03,Data de lancamento da versao,2015-08-17, 00:00:00,
Android,android-hacker/VirtualXposed,/home/gabriel/Documentos/ic2/analiseDosProjetosGerais/repositorios/android-hacker/VirtualXposed/VirtualApp/lib/build.gradle,25,35,Data do commit: 2016-12-27, 21:21:39,Data de lancamento da versao,2016-11-22, 00:00:00,
Android,android-hacker/VirtualXposed,/home/gabriel/Documentos/ic2/analiseDosProjetosGerais/repositorios/android-hacker/VirtualXposed/VirtualApp/lib/build.gradle,24,269,Data do commit: 2017-03-12, 00:51:24,Data de lancamento da versao,2016-06-15, 00:00:00,
Android,exallium/RxRecyclerView,/home/gabriel/Documentos/ic2/analiseDosProjetosGerais/repositorios/exallium/RxRecyclerView/lib/build.gradle,22,101,Data do commit: 2015-06-18, 11:52:11,Data de lancamento da versao,2015-03-09, 00:00:00,
Android,exallium/RxRecyclerView,/home/gabriel/Documentos/ic2/analiseDosProjetosGerais/repositorios/exallium/RxRecyclerView/lib/build.gradle,21,252,Data do commit: 2015-06-27, 00:47:11,Data de lancamento da versao,2014-10-17, 00:00:00,
Android,exallium/RxRecyclerView,/home/gabriel/Documentos/ic2/analiseDosProjetosGerais/repositorios/exallium/RxRecyclerView/lib/build.gradle,22,112,Data do commit: 2015-06-29, 10:01:39,Data de lancamento da versao,2015-03-09, 00:00:00,
Android,android-hacker/VirtualXposed,/home/gabriel/Documentos/ic2/analiseDosProjetosGerais/repositorios/android-hacker/VirtualXposed/VirtualApp/app/build.gradle,25,31,Data do commit: 2016-12-23, 14:59:45,Data de lancamento da versao,2016-11-22, 00:00:00,
Android,android-hacker/VirtualXposed,/home/gabriel/Documentos/ic2/analiseDosProjetosGerais/repositorios/android-hacker/VirtualXposed/VirtualApp/app/build.gradle,23,494,Data do commit: 2016-12-23, 00:44:03,Data de lancamento da versao,2015-08-17, 00:00:00,
Android,android-hacker/VirtualXposed,/home/gabriel/Documentos/ic2/analiseDosProjetosGerais/repositorios/android-hacker/VirtualXposed/VirtualApp/app/build.gradle,25,35,Data do commit: 2016-12-27, 21:21:39,Data de lancamento da versao,2016-11-22, 00:00:00,
Android,tekinarslan/AndroidMaterialDesignToolbar,/home/gabriel/Documentos/ic2/analiseDosProjetosGerais/repositorios/tekinarslan/AndroidMaterialDesignToolbar/app/build.gradle,22,71,Data do commit: 2015-05-19, 21:43:41,Data de lancamento da versao,2015-03-09, 00:00:00,
Android,exallium/RxRecyclerView,/home/gabriel/Documentos/ic2/analiseDosProjetosGerais/repositorios/exallium/RxRecyclerView/app/build.gradle,22,101,Data do commit: 2015-06-18, 11:52:11,Data de lancamento da versao,2015-03-09, 00:00:00,
Android,exallium/RxRecyclerView,/home/gabriel/Documentos/ic2/analiseDosProjetosGerais/repositorios/exallium/RxRecyclerView/app/build.gradle,21,252,Data do commit: 2015-06-27, 00:47:11,Data de lancamento da versao,2014-10-17, 00:00:00,
Android,exallium/RxRecyclerView,/home/gabriel/Documentos/ic2/analiseDosProjetosGerais/repositorios/exallium/RxRecyclerView/app/build.gradle,22,112,Data do commit: 2015-06-29, 10:01:39,Data de lancamento da versao,2015-03-09, 00:00:00,
Android,traex/RippleEffect,/home/gabriel/Documentos/ic2/analiseDosProjetosGerais/repositorios/traex/RippleEffect/library/build.gradle,21,47,Data do commit: 2014-12-03, 21:21:31,Data de lancamento da versao,2014-10-17, 00:00:00,
Android,traex/RippleEffect,/home/gabriel/Documentos/ic2/analiseDosProjetosGerais/repositorios/traex/RippleEffect/library/build.gradle,20,166,Data do commit: 2014-12-08, 13:52:37,Data de lancamento da versao,2014-06-25, 00:00:00,
Android,traex/RippleEffect,/home/gabriel/Documentos/ic2/analiseDosProjetosGerais/repositorios/traex/RippleEffect/library/build.gradle,21,60,Data do commit: 2014-12-16, 16:35:06,Data de lancamento da versao,2014-10-17, 00:00:00,
Android,traex/RippleEffect,/home/gabriel/Documentos/ic2/analiseDosProjetosGerais/repositorios/traex/RippleEffect/library/build.gradle,22,12,Data do commit: 2015-03-20, 21:41:34,Data de lancamento da versao,2015-03-09, 00:00:00,
Android,traex/RippleEffect,/home/gabriel/Documentos/ic2/analiseDosProjetosGerais/repositorios/traex/RippleEffect/library/build.gradle,21,167,Data do commit: 2015-04-02, 11:16:52,Data de lancamento da versao,2014-10-17, 00:00:00,
Android,traex/RippleEffect,/home/gabriel/Documentos/ic2/analiseDosProjetosGerais/repositorios/traex/RippleEffect/library/build.gradle,22,64,Data do commit: 2015-05-12, 21:35:14,Data de lancamento da versao,2015-03-09, 00:00:00,
Android,traex/RippleEffect,/home/gabriel/Documentos/ic2/analiseDosProjetosGerais/repositorios/traex/RippleEffect/library/build.gradle,23,59,Data do commit: 2015-10-15, 11:36:26,Data de lancamento da versao,2015-08-17, 00:00:00,
Android,traex/RippleEffect,/home/gabriel/Documentos/ic2/analiseDosProjetosGerais/repositorios/traex/RippleEffect/library/build.gradle,22,327,Data do commit: 2016-01-30, 15:47:52,Data de lancamento da versao,2015-03-09, 00:00:00,
Android,traex/RippleEffect,/home/gabriel/Documentos/ic2/analiseDosProjetosGerais/repositorios/traex/RippleEffect/library/build.gradle,23,190,Data do commit: 2016-02-23, 23:09:49,Data de lancamento da versao,2015-08-17, 00:00:00,
Android,Devlight/TintLayout,/home/gabriel/Documentos/ic2/analiseDosProjetosGerais/repositorios/Devlight/TintLayout/app/build.gradle,23,344,Data do commit: 2016-07-26, 16:29:38,Data de lancamento da versao,2015-08-17, 00:00:00,
Android,ValuesFeng/AndroidPicturePicker,/home/gabriel/Documentos/ic2/analiseDosProjetosGerais/repositorios/ValuesFeng/AndroidPicturePicker/app/build.gradle,23,136,Data do commit: 2015-12-31, 11:42:06,Data de lancamento da versao,2015-08-17, 00:00:00,
Android,ValuesFeng/AndroidPicturePicker,/home/gabriel/Documentos/ic2/analiseDosProjetosGerais/repositorios/ValuesFeng/AndroidPicturePicker/gallery/build.gradle,23,136,Data do commit: 2015-12-31, 11:42:06,Data de lancamento da versao,2015-08-17, 00:00:00,
Android,blazsolar/HorizontalPicker,/home/gabriel/Documentos/ic2/analiseDosProjetosGerais/repositorios/blazsolar/HorizontalPicker/HorizontalPicker/build.gradle,23,37,Data do commit: 2015-09-23, 13:33:09,Data de lancamento da versao,2015-08-17, 00:00:00,
Android,blazsolar/HorizontalPicker,/home/gabriel/Documentos/ic2/analiseDosProjetosGerais/repositorios/blazsolar/HorizontalPicker/HorizontalPickerExample/build.gradle,23,37,Data do commit: 2015-09-23, 13:33:09,Data de lancamento da versao,2015-08-17, 00:00:00,
Android,emotionsense/SensorManager,/home/gabriel/Documentos/ic2/analiseDosProjetosGerais/repositorios/emotionsense/SensorManager/build.gradle,23,247,Data do commit: 2016-04-20, 17:32:22,Data de lancamento da versao,2015-08-17, 00:00:00,
Android,gowong/material-sheet-fab,/home/gabriel/Documentos/ic2/analiseDosProjetosGerais/repositorios/gowong/material-sheet-fab/material-sheet-fab/build.gradle,23,40,Data do commit: 2015-09-26, 15:02:07,Data de lancamento da versao,2015-08-17, 00:00:00,
Android,gowong/material-sheet-fab,/home/gabriel/Documentos/ic2/analiseDosProjetosGerais/repositorios/gowong/material-sheet-fab/sample/build.gradle,23,40,Data do commit: 2015-09-26, 15:02:07,Data de lancamento da versao,2015-08-17, 00:00:00,
Android,MichaelEvans/Aftermath,/home/gabriel/Documentos/ic2/analiseDosProjetosGerais/repositorios/MichaelEvans/Aftermath/aftermath/build.gradle,23,8,Data do commit: 2015-08-24, 22:11:51,Data de lancamento da versao,2015-08-17, 00:00:00,
Android,traex/RippleEffect,/home/gabriel/Documentos/ic2/analiseDosProjetosGerais/repositorios/traex/RippleEffect/sample/build.gradle,21,47,Data do commit: 2014-12-03, 21:21:31,Data de lancamento da versao,2014-10-17, 00:00:00,
Android,traex/RippleEffect,/home/gabriel/Documentos/ic2/analiseDosProjetosGerais/repositorios/traex/RippleEffect/sample/build.gradle,20,166,Data do commit: 2014-12-08, 13:52:37,Data de lancamento da versao,2014-06-25, 00:00:00,
Android,traex/RippleEffect,/home/gabriel/Documentos/ic2/analiseDosProjetosGerais/repositorios/traex/RippleEffect/sample/build.gradle,21,60,Data do commit: 2014-12-16, 16:35:06,Data de lancamento da versao,2014-10-17, 00:00:00,
Android,traex/RippleEffect,/home/gabriel/Documentos/ic2/analiseDosProjetosGerais/repositorios/traex/RippleEffect/sample/build.gradle,22,12,Data do commit: 2015-03-20, 21:41:34,Data de lancamento da versao,2015-03-09, 00:00:00,
Android,traex/RippleEffect,/home/gabriel/Documentos/ic2/analiseDosProjetosGerais/repositorios/traex/RippleEffect/sample/build.gradle,21,167,Data do commit: 2015-04-02, 11:16:52,Data de lancamento da versao,2014-10-17, 00:00:00,
Android,traex/RippleEffect,/home/gabriel/Documentos/ic2/analiseDosProjetosGerais/repositorios/traex/RippleEffect/sample/build.gradle,22,64,Data do commit: 2015-05-12, 21:35:14,Data de lancamento da versao,2015-03-09, 00:00:00,
Android,traex/RippleEffect,/home/gabriel/Documentos/ic2/analiseDosProjetosGerais/repositorios/traex/RippleEffect/sample/build.gradle,23,59,Data do commit: 2015-10-15, 11:36:26,Data de lancamento da versao,2015-08-17, 00:00:00,
Android,traex/RippleEffect,/home/gabriel/Documentos/ic2/analiseDosProjetosGerais/repositorios/traex/RippleEffect/sample/build.gradle,22,327,Data do commit: 2016-01-30, 15:47:52,Data de lancamento da versao,2015-03-09, 00:00:00,
Android,traex/RippleEffect,/home/gabriel/Documentos/ic2/analiseDosProjetosGerais/repositorios/traex/RippleEffect/sample/build.gradle,23,190,Data do commit: 2016-02-23, 23:09:49,Data de lancamento da versao,2015-08-17, 00:00:00,
Android,kaaes/spotify-web-api-android,/home/gabriel/Documentos/ic2/analiseDosProjetosGerais/repositorios/kaaes/spotify-web-api-android/spotify-api/build.gradle,23,102,Data do commit: 2015-11-27, 16:09:23,Data de lancamento da versao,2015-08-17, 00:00:00,
Android,kaaes/spotify-web-api-android,/home/gabriel/Documentos/ic2/analiseDosProjetosGerais/repositorios/kaaes/spotify-web-api-android/spotify-api/build.gradle,22,263,Data do commit: 2015-11-27, 16:10:53,Data de lancamento da versao,2015-03-09, 00:00:00,
Android,kaaes/spotify-web-api-android,/home/gabriel/Documentos/ic2/analiseDosProjetosGerais/repositorios/kaaes/spotify-web-api-android/spotify-api/build.gradle,23,102,Data do commit: 2015-11-27, 17:58:59,Data de lancamento da versao,2015-08-17, 00:00:00,
Android,maxiee/HeartBeat,/home/gabriel/Documentos/ic2/analiseDosProjetosGerais/repositorios/maxiee/HeartBeat/app/build.gradle,23,31,Data do commit: 2015-09-17, 13:13:51,Data de lancamento da versao,2015-08-17, 00:00:00,
Android,MichaelEvans/Aftermath,/home/gabriel/Documentos/ic2/analiseDosProjetosGerais/repositorios/MichaelEvans/Aftermath/sample/build.gradle,23,8,Data do commit: 2015-08-24, 22:11:51,Data de lancamento da versao,2015-08-17, 00:00:00,
Android,toddway/ListOfThings,/home/gabriel/Documentos/ic2/analiseDosProjetosGerais/repositorios/toddway/ListOfThings/app/build.gradle,24,46,Data do commit: 2016-07-31, 17:09:04,Data de lancamento da versao,2016-06-15, 00:00:00,
Android,k0shk0sh/PermissionHelper,/home/gabriel/Documentos/ic2/analiseDosProjetosGerais/repositorios/k0shk0sh/PermissionHelper/app/build.gradle,24,55,Data do commit: 2016-08-09, 16:28:47,Data de lancamento da versao,2016-06-15, 00:00:00,
Android,k0shk0sh/PermissionHelper,/home/gabriel/Documentos/ic2/analiseDosProjetosGerais/repositorios/k0shk0sh/PermissionHelper/permission/build.gradle,24,55,Data do commit: 2016-08-09, 16:28:47,Data de lancamento da versao,2016-06-15, 00:00:00,
Android,tianzhijiexian/DBinding,/home/gabriel/Documentos/ic2/analiseDosProjetosGerais/repositorios/tianzhijiexian/DBinding/dbindinglib/build.gradle,24,20,Data do commit: 2016-07-05, 16:53:44,Data de lancamento da versao,2016-06-15, 00:00:00,
Android,tianzhijiexian/DBinding,/home/gabriel/Documentos/ic2/analiseDosProjetosGerais/repositorios/tianzhijiexian/DBinding/dbindinglib/build.gradle,25,27,Data do commit: 2016-12-19, 11:26:10,Data de lancamento da versao,2016-11-22, 00:00:00,
Android,colintheshots/AnDevCon-RxPatterns,/home/gabriel/Documentos/ic2/analiseDosProjetosGerais/repositorios/colintheshots/AnDevCon-RxPatterns/app/build.gradle,23,108,Data do commit: 2015-12-03, 05:10:25,Data de lancamento da versao,2015-08-17, 00:00:00,
Android,colintheshots/AnDevCon-RxPatterns,/home/gabriel/Documentos/ic2/analiseDosProjetosGerais/repositorios/colintheshots/AnDevCon-RxPatterns/app/build.gradle,24,50,Data do commit: 2016-08-04, 02:14:58,Data de lancamento da versao,2016-06-15, 00:00:00,
Android,Slyce-Inc/SlyceMessaging,/home/gabriel/Documentos/ic2/analiseDosProjetosGerais/repositorios/Slyce-Inc/SlyceMessaging/example/build.gradle,24,50,Data do commit: 2016-08-04, 16:03:52,Data de lancamento da versao,2016-06-15, 00:00:00,
Android,Slyce-Inc/SlyceMessaging,/home/gabriel/Documentos/ic2/analiseDosProjetosGerais/repositorios/Slyce-Inc/SlyceMessaging/slyce-messaging/build.gradle,24,50,Data do commit: 2016-08-04, 16:03:52,Data de lancamento da versao,2016-06-15, 00:00:00,
Android,jacek-marchwicki/JavaWebsocketClient,/home/gabriel/Documentos/ic2/analiseDosProjetosGerais/repositorios/jacek-marchwicki/JavaWebsocketClient/websockets-rxjava-example/build.gradle,25,120,Data do commit: 2017-03-22, 18:19:14,Data de lancamento da versao,2016-11-22, 00:00:00,
Android,maksim88/PasswordEditText,/home/gabriel/Documentos/ic2/analiseDosProjetosGerais/repositorios/maksim88/PasswordEditText/library/build.gradle,24,99,Data do commit: 2016-09-22, 17:43:19,Data de lancamento da versao,2016-06-15, 00:00:00,
Android,maksim88/PasswordEditText,/home/gabriel/Documentos/ic2/analiseDosProjetosGerais/repositorios/maksim88/PasswordEditText/library/build.gradle,25,83,Data do commit: 2017-02-13, 22:30:31,Data de lancamento da versao,2016-11-22, 00:00:00,
Android,anzaizai/EasyRefreshLayout,/home/gabriel/Documentos/ic2/analiseDosProjetosGerais/repositorios/anzaizai/EasyRefreshLayout/app/build.gradle,25,231,Data do commit: 2017-07-11, 13:14:31,Data de lancamento da versao,2016-11-22, 00:00:00,
Android,anzaizai/EasyRefreshLayout,/home/gabriel/Documentos/ic2/analiseDosProjetosGerais/repositorios/anzaizai/EasyRefreshLayout/library/build.gradle,25,231,Data do commit: 2017-07-11, 13:14:31,Data de lancamento da versao,2016-11-22, 00:00:00,
Android,tianzhijiexian/DBinding,/home/gabriel/Documentos/ic2/analiseDosProjetosGerais/repositorios/tianzhijiexian/DBinding/app/build.gradle,24,20,Data do commit: 2016-07-05, 16:53:44,Data de lancamento da versao,2016-06-15, 00:00:00,
Android,tianzhijiexian/DBinding,/home/gabriel/Documentos/ic2/analiseDosProjetosGerais/repositorios/tianzhijiexian/DBinding/app/build.gradle,25,27,Data do commit: 2016-12-19, 11:26:10,Data de lancamento da versao,2016-11-22, 00:00:00,
Android,maksim88/PasswordEditText,/home/gabriel/Documentos/ic2/analiseDosProjetosGerais/repositorios/maksim88/PasswordEditText/sample/build.gradle,24,99,Data do commit: 2016-09-22, 17:43:19,Data de lancamento da versao,2016-06-15, 00:00:00,
Android,maksim88/PasswordEditText,/home/gabriel/Documentos/ic2/analiseDosProjetosGerais/repositorios/maksim88/PasswordEditText/sample/build.gradle,25,83,Data do commit: 2017-02-13, 22:30:31,Data de lancamento da versao,2016-11-22, 00:00:00,
Android,ricknout/lens-launcher,/home/gabriel/Documentos/ic2/analiseDosProjetosGerais/repositorios/ricknout/lens-launcher/app/build.gradle,24,12,Data do commit: 2016-06-27, 14:03:45,Data de lancamento da versao,2016-06-15, 00:00:00,
Android,ricknout/lens-launcher,/home/gabriel/Documentos/ic2/analiseDosProjetosGerais/repositorios/ricknout/lens-launcher/app/build.gradle,25,0,Data do commit: 2016-11-12, 00:36:28,Data de lancamento da versao,2016-11-22, 00:00:00,
Android,lukaspili/Reactive-Billing,/home/gabriel/Documentos/ic2/analiseDosProjetosGerais/repositorios/lukaspili/Reactive-Billing/library/build.gradle,25,0,Data do commit: 2016-10-27, 13:14:40,Data de lancamento da versao,2016-11-22, 00:00:00,
Android,lukaspili/Reactive-Billing,/home/gabriel/Documentos/ic2/analiseDosProjetosGerais/repositorios/lukaspili/Reactive-Billing/library/build.gradle,23,440,Data do commit: 2016-10-30, 17:47:44,Data de lancamento da versao,2015-08-17, 00:00:00,
Android,lukaspili/Reactive-Billing,/home/gabriel/Documentos/ic2/analiseDosProjetosGerais/repositorios/lukaspili/Reactive-Billing/library/build.gradle,25,84,Data do commit: 2017-02-14, 15:28:00,Data de lancamento da versao,2016-11-22, 00:00:00,
Android,vlonjatg/progress-activity,/home/gabriel/Documentos/ic2/analiseDosProjetosGerais/repositorios/vlonjatg/progress-activity/library/build.gradle,23,51,Data do commit: 2015-10-07, 11:06:22,Data de lancamento da versao,2015-08-17, 00:00:00,
Android,vlonjatg/progress-activity,/home/gabriel/Documentos/ic2/analiseDosProjetosGerais/repositorios/vlonjatg/progress-activity/library/build.gradle,25,71,Data do commit: 2017-02-01, 11:38:51,Data de lancamento da versao,2016-11-22, 00:00:00,
Android,vlonjatg/progress-activity,/home/gabriel/Documentos/ic2/analiseDosProjetosGerais/repositorios/vlonjatg/progress-activity/library/build.gradle,26,204,Data do commit: 2017-12-29, 17:16:52,Data de lancamento da versao,2017-06-08, 00:00:00,
Android,aliyun/alicloud-android-demo,/home/gabriel/Documentos/ic2/analiseDosProjetosGerais/repositorios/aliyun/alicloud-android-demo/mpush_android_demo/build.gradle,26,264,Data do commit: 2018-02-27, 14:27:18,Data de lancamento da versao,2017-06-08, 00:00:00,
Android,aliyun/alicloud-android-demo,/home/gabriel/Documentos/ic2/analiseDosProjetosGerais/repositorios/aliyun/alicloud-android-demo/mpush_android_demo/build.gradle,23,926,Data do commit: 2018-02-28, 13:59:24,Data de lancamento da versao,2015-08-17, 00:00:00,
Android,aliyun/alicloud-android-demo,/home/gabriel/Documentos/ic2/analiseDosProjetosGerais/repositorios/aliyun/alicloud-android-demo/mpush_android_demo/build.gradle,26,291,Data do commit: 2018-03-26, 10:10:55,Data de lancamento da versao,2017-06-08, 00:00:00,
Android,dlazaro66/QRCodeReaderView,/home/gabriel/Documentos/ic2/analiseDosProjetosGerais/repositorios/dlazaro66/QRCodeReaderView/qrcodereaderview/build.gradle,24,46,Data do commit: 2016-07-31, 03:12:50,Data de lancamento da versao,2016-06-15, 00:00:00,
Android,dlazaro66/QRCodeReaderView,/home/gabriel/Documentos/ic2/analiseDosProjetosGerais/repositorios/dlazaro66/QRCodeReaderView/qrcodereaderview/build.gradle,25,67,Data do commit: 2017-01-28, 18:53:10,Data de lancamento da versao,2016-11-22, 00:00:00,
Android,dlazaro66/QRCodeReaderView,/home/gabriel/Documentos/ic2/analiseDosProjetosGerais/repositorios/dlazaro66/QRCodeReaderView/qrcodereaderview/build.gradle,24,235,Data do commit: 2017-02-06, 00:27:51,Data de lancamento da versao,2016-06-15, 00:00:00,
Android,dlazaro66/QRCodeReaderView,/home/gabriel/Documentos/ic2/analiseDosProjetosGerais/repositorios/dlazaro66/QRCodeReaderView/qrcodereaderview/build.gradle,25,81,Data do commit: 2017-02-11, 12:45:54,Data de lancamento da versao,2016-11-22, 00:00:00,
Android,dlazaro66/QRCodeReaderView,/home/gabriel/Documentos/ic2/analiseDosProjetosGerais/repositorios/dlazaro66/QRCodeReaderView/qrcodereaderview/build.gradle,26,157,Data do commit: 2017-11-12, 19:21:53,Data de lancamento da versao,2017-06-08, 00:00:00,
Android,dlazaro66/QRCodeReaderView,/home/gabriel/Documentos/ic2/analiseDosProjetosGerais/repositorios/dlazaro66/QRCodeReaderView/samples/build.gradle,24,46,Data do commit: 2016-07-31, 03:12:50,Data de lancamento da versao,2016-06-15, 00:00:00,
Android,dlazaro66/QRCodeReaderView,/home/gabriel/Documentos/ic2/analiseDosProjetosGerais/repositorios/dlazaro66/QRCodeReaderView/samples/build.gradle,25,67,Data do commit: 2017-01-28, 18:53:10,Data de lancamento da versao,2016-11-22, 00:00:00,
Android,dlazaro66/QRCodeReaderView,/home/gabriel/Documentos/ic2/analiseDosProjetosGerais/repositorios/dlazaro66/QRCodeReaderView/samples/build.gradle,24,235,Data do commit: 2017-02-06, 00:27:51,Data de lancamento da versao,2016-06-15, 00:00:00,
Android,dlazaro66/QRCodeReaderView,/home/gabriel/Documentos/ic2/analiseDosProjetosGerais/repositorios/dlazaro66/QRCodeReaderView/samples/build.gradle,25,81,Data do commit: 2017-02-11, 12:45:54,Data de lancamento da versao,2016-11-22, 00:00:00,
Android,dlazaro66/QRCodeReaderView,/home/gabriel/Documentos/ic2/analiseDosProjetosGerais/repositorios/dlazaro66/QRCodeReaderView/samples/build.gradle,26,157,Data do commit: 2017-11-12, 19:21:53,Data de lancamento da versao,2017-06-08, 00:00:00,
Android,MindorksOpenSource/AndroidTensorFlowMNISTExample,/home/gabriel/Documentos/ic2/analiseDosProjetosGerais/repositorios/MindorksOpenSource/AndroidTensorFlowMNISTExample/app/build.gradle,26,675,Data do commit: 2019-04-15, 02:59:02,Data de lancamento da versao,2017-06-08, 00:00:00,
Android,omadahealth/CircularBarPager,/home/gabriel/Documentos/ic2/analiseDosProjetosGerais/repositorios/omadahealth/CircularBarPager/app/build.gradle,23,44,Data do commit: 2015-09-30, 11:14:36,Data de lancamento da versao,2015-08-17, 00:00:00,
Android,omadahealth/CircularBarPager,/home/gabriel/Documentos/ic2/analiseDosProjetosGerais/repositorios/omadahealth/CircularBarPager/app/build.gradle,25,0,Data do commit: 2016-11-07, 16:07:48,Data de lancamento da versao,2016-11-22, 00:00:00,
Android,omadahealth/CircularBarPager,/home/gabriel/Documentos/ic2/analiseDosProjetosGerais/repositorios/omadahealth/CircularBarPager/app/build.gradle,26,180,Data do commit: 2017-12-05, 09:17:44,Data de lancamento da versao,2017-06-08, 00:00:00,
Android,omadahealth/CircularBarPager,/home/gabriel/Documentos/ic2/analiseDosProjetosGerais/repositorios/omadahealth/CircularBarPager/library/build.gradle,23,44,Data do commit: 2015-09-30, 11:14:36,Data de lancamento da versao,2015-08-17, 00:00:00,
Android,omadahealth/CircularBarPager,/home/gabriel/Documentos/ic2/analiseDosProjetosGerais/repositorios/omadahealth/CircularBarPager/library/build.gradle,26,117,Data do commit: 2017-10-03, 11:27:29,Data de lancamento da versao,2017-06-08, 00:00:00,
Android,qkxyjren/LikeView,/home/gabriel/Documentos/ic2/analiseDosProjetosGerais/repositorios/qkxyjren/LikeView/app/build.gradle,26,264,Data do commit: 2018-02-27, 11:00:56,Data de lancamento da versao,2017-06-08, 00:00:00,
Android,qkxyjren/LikeView,/home/gabriel/Documentos/ic2/analiseDosProjetosGerais/repositorios/qkxyjren/LikeView/app/build.gradle,27,339,Data do commit: 2018-11-09, 18:30:44,Data de lancamento da versao,2017-12-05, 00:00:00,
Android,qkxyjren/LikeView,/home/gabriel/Documentos/ic2/analiseDosProjetosGerais/repositorios/qkxyjren/LikeView/lib/build.gradle,26,264,Data do commit: 2018-02-27, 11:00:56,Data de lancamento da versao,2017-06-08, 00:00:00,
Android,vlonjatg/progress-activity,/home/gabriel/Documentos/ic2/analiseDosProjetosGerais/repositorios/vlonjatg/progress-activity/sample/build.gradle,23,51,Data do commit: 2015-10-07, 11:06:22,Data de lancamento da versao,2015-08-17, 00:00:00,
Android,vlonjatg/progress-activity,/home/gabriel/Documentos/ic2/analiseDosProjetosGerais/repositorios/vlonjatg/progress-activity/sample/build.gradle,25,71,Data do commit: 2017-02-01, 11:38:51,Data de lancamento da versao,2016-11-22, 00:00:00,
Android,vlonjatg/progress-activity,/home/gabriel/Documentos/ic2/analiseDosProjetosGerais/repositorios/vlonjatg/progress-activity/sample/build.gradle,26,204,Data do commit: 2017-12-29, 17:16:52,Data de lancamento da versao,2017-06-08, 00:00:00,
Android,jshvarts/OfflineSampleApp,/home/gabriel/Documentos/ic2/analiseDosProjetosGerais/repositorios/jshvarts/OfflineSampleApp/app/build.gradle,26,130,Data do commit: 2017-10-16, 22:47:20,Data de lancamento da versao,2017-06-08, 00:00:00,
Android,jshvarts/OfflineSampleApp,/home/gabriel/Documentos/ic2/analiseDosProjetosGerais/repositorios/jshvarts/OfflineSampleApp/app/build.gradle,25,372,Data do commit: 2017-11-29, 17:12:02,Data de lancamento da versao,2016-11-22, 00:00:00,
Android,jshvarts/OfflineSampleApp,/home/gabriel/Documentos/ic2/analiseDosProjetosGerais/repositorios/jshvarts/OfflineSampleApp/app/build.gradle,26,174,Data do commit: 2017-11-29, 17:14:36,Data de lancamento da versao,2017-06-08, 00:00:00,
Android,iDevicesInc/SweetBlue,/home/gabriel/Documentos/ic2/analiseDosProjetosGerais/repositorios/iDevicesInc/SweetBlue/gattspecparser/build.gradle,26,146,Data do commit: 2017-11-01, 11:55:28,Data de lancamento da versao,2017-06-08, 00:00:00,
Android,iDevicesInc/SweetBlue,/home/gabriel/Documentos/ic2/analiseDosProjetosGerais/repositorios/iDevicesInc/SweetBlue/integration/build.gradle,25,100,Data do commit: 2017-03-02, 09:24:10,Data de lancamento da versao,2016-11-22, 00:00:00,
Android,iDevicesInc/SweetBlue,/home/gabriel/Documentos/ic2/analiseDosProjetosGerais/repositorios/iDevicesInc/SweetBlue/integration/build.gradle,26,146,Data do commit: 2017-11-01, 11:55:28,Data de lancamento da versao,2017-06-08, 00:00:00,
Android,iDevicesInc/SweetBlue,/home/gabriel/Documentos/ic2/analiseDosProjetosGerais/repositorios/iDevicesInc/SweetBlue/sweetunit/build.gradle,25,100,Data do commit: 2017-03-02, 09:24:10,Data de lancamento da versao,2016-11-22, 00:00:00,
Android,iDevicesInc/SweetBlue,/home/gabriel/Documentos/ic2/analiseDosProjetosGerais/repositorios/iDevicesInc/SweetBlue/sweetunit/build.gradle,26,146,Data do commit: 2017-11-01, 11:55:28,Data de lancamento da versao,2017-06-08, 00:00:00,
Android,iDevicesInc/SweetBlue,/home/gabriel/Documentos/ic2/analiseDosProjetosGerais/repositorios/iDevicesInc/SweetBlue/tester/build.gradle,24,182,Data do commit: 2016-12-14, 12:49:01,Data de lancamento da versao,2016-06-15, 00:00:00,
Android,iDevicesInc/SweetBlue,/home/gabriel/Documentos/ic2/analiseDosProjetosGerais/repositorios/iDevicesInc/SweetBlue/tester/build.gradle,25,100,Data do commit: 2017-03-02, 09:24:10,Data de lancamento da versao,2016-11-22, 00:00:00,
Android,iDevicesInc/SweetBlue,/home/gabriel/Documentos/ic2/analiseDosProjetosGerais/repositorios/iDevicesInc/SweetBlue/tester/build.gradle,26,146,Data do commit: 2017-11-01, 11:55:28,Data de lancamento da versao,2017-06-08, 00:00:00,
Android,MOLO17/CustomizableCalendar,/home/gabriel/Documentos/ic2/analiseDosProjetosGerais/repositorios/MOLO17/CustomizableCalendar/library/build.gradle,26,179,Data do commit: 2017-12-04, 21:51:36,Data de lancamento da versao,2017-06-08, 00:00:00,
Android,MOLO17/CustomizableCalendar,/home/gabriel/Documentos/ic2/analiseDosProjetosGerais/repositorios/MOLO17/CustomizableCalendar/sample/build.gradle,26,179,Data do commit: 2017-12-04, 21:51:36,Data de lancamento da versao,2017-06-08, 00:00:00,
Android,cachapa/ExpandableLayout,/home/gabriel/Documentos/ic2/analiseDosProjetosGerais/repositorios/cachapa/ExpandableLayout/demo/build.gradle,24,5,Data do commit: 2016-06-20, 11:48:20,Data de lancamento da versao,2016-06-15, 00:00:00,
Android,cachapa/ExpandableLayout,/home/gabriel/Documentos/ic2/analiseDosProjetosGerais/repositorios/cachapa/ExpandableLayout/demo/build.gradle,25,22,Data do commit: 2016-12-14, 19:57:21,Data de lancamento da versao,2016-11-22, 00:00:00,
Android,cachapa/ExpandableLayout,/home/gabriel/Documentos/ic2/analiseDosProjetosGerais/repositorios/cachapa/ExpandableLayout/demo/build.gradle,26,79,Data do commit: 2017-08-26, 10:22:45,Data de lancamento da versao,2017-06-08, 00:00:00,
Android,cachapa/ExpandableLayout,/home/gabriel/Documentos/ic2/analiseDosProjetosGerais/repositorios/cachapa/ExpandableLayout/demo/build.gradle,27,23,Data do commit: 2017-12-28, 11:08:49,Data de lancamento da versao,2017-12-05, 00:00:00,
Android,cachapa/ExpandableLayout,/home/gabriel/Documentos/ic2/analiseDosProjetosGerais/repositorios/cachapa/ExpandableLayout/lib/build.gradle,24,5,Data do commit: 2016-06-20, 11:48:20,Data de lancamento da versao,2016-06-15, 00:00:00,
Android,cachapa/ExpandableLayout,/home/gabriel/Documentos/ic2/analiseDosProjetosGerais/repositorios/cachapa/ExpandableLayout/lib/build.gradle,25,22,Data do commit: 2016-12-14, 19:57:21,Data de lancamento da versao,2016-11-22, 00:00:00,
Android,cachapa/ExpandableLayout,/home/gabriel/Documentos/ic2/analiseDosProjetosGerais/repositorios/cachapa/ExpandableLayout/lib/build.gradle,26,79,Data do commit: 2017-08-26, 10:22:45,Data de lancamento da versao,2017-06-08, 00:00:00,
Android,cachapa/ExpandableLayout,/home/gabriel/Documentos/ic2/analiseDosProjetosGerais/repositorios/cachapa/ExpandableLayout/lib/build.gradle,27,23,Data do commit: 2017-12-28, 11:08:49,Data de lancamento da versao,2017-12-05, 00:00:00,
Android,ryanlijianchang/Recyclerview-Gallery,/home/gabriel/Documentos/ic2/analiseDosProjetosGerais/repositorios/ryanlijianchang/Recyclerview-Gallery/rv-gallery/build.gradle,27,241,Data do commit: 2018-08-03, 20:18:31,Data de lancamento da versao,2017-12-05, 00:00:00,
Android,ksvc/KSYLive_Android,/home/gabriel/Documentos/ic2/analiseDosProjetosGerais/repositorios/ksvc/KSYLive_Android/KSYLiveDemo/app/build.gradle,25,219,Data do commit: 2017-06-29, 11:49:00,Data de lancamento da versao,2016-11-22, 00:00:00,
Android,ksvc/KSYLive_Android,/home/gabriel/Documentos/ic2/analiseDosProjetosGerais/repositorios/ksvc/KSYLive_Android/KSYLiveDemo/app/build.gradle,27,66,Data do commit: 2018-02-09, 10:49:27,Data de lancamento da versao,2017-12-05, 00:00:00,
Android,ksvc/KSYLive_Android,/home/gabriel/Documentos/ic2/analiseDosProjetosGerais/repositorios/ksvc/KSYLive_Android/KSYLiveDemo/libksylive/build.gradle,25,219,Data do commit: 2017-06-29, 11:49:00,Data de lancamento da versao,2016-11-22, 00:00:00,
Android,ksvc/KSYLive_Android,/home/gabriel/Documentos/ic2/analiseDosProjetosGerais/repositorios/ksvc/KSYLive_Android/KSYLiveDemo/libksylive/build.gradle,27,66,Data do commit: 2018-02-09, 10:49:27,Data de lancamento da versao,2017-12-05, 00:00:00,
Android,ksvc/KSYStreamer_Android,/home/gabriel/Documentos/ic2/analiseDosProjetosGerais/repositorios/ksvc/KSYStreamer_Android/demo/build.gradle,23,347,Data do commit: 2016-07-29, 16:59:03,Data de lancamento da versao,2015-08-17, 00:00:00,
Android,ksvc/KSYStreamer_Android,/home/gabriel/Documentos/ic2/analiseDosProjetosGerais/repositorios/ksvc/KSYStreamer_Android/demo/build.gradle,21,656,Data do commit: 2016-08-03, 16:13:33,Data de lancamento da versao,2014-10-17, 00:00:00,
Android,ksvc/KSYStreamer_Android,/home/gabriel/Documentos/ic2/analiseDosProjetosGerais/repositorios/ksvc/KSYStreamer_Android/demo/build.gradle,23,408,Data do commit: 2016-09-28, 20:45:58,Data de lancamento da versao,2015-08-17, 00:00:00,
Android,ksvc/KSYStreamer_Android,/home/gabriel/Documentos/ic2/analiseDosProjetosGerais/repositorios/ksvc/KSYStreamer_Android/demo/build.gradle,21,725,Data do commit: 2016-10-11, 12:05:14,Data de lancamento da versao,2014-10-17, 00:00:00,
Android,ksvc/KSYStreamer_Android,/home/gabriel/Documentos/ic2/analiseDosProjetosGerais/repositorios/ksvc/KSYStreamer_Android/demo/build.gradle,23,422,Data do commit: 2016-10-12, 11:55:41,Data de lancamento da versao,2015-08-17, 00:00:00,
Android,ksvc/KSYStreamer_Android,/home/gabriel/Documentos/ic2/analiseDosProjetosGerais/repositorios/ksvc/KSYStreamer_Android/demo/build.gradle,24,148,Data do commit: 2016-11-10, 11:11:59,Data de lancamento da versao,2016-06-15, 00:00:00,
Android,ksvc/KSYStreamer_Android,/home/gabriel/Documentos/ic2/analiseDosProjetosGerais/repositorios/ksvc/KSYStreamer_Android/demo/build.gradle,25,219,Data do commit: 2017-06-29, 14:04:52,Data de lancamento da versao,2016-11-22, 00:00:00,
Android,ksvc/KSYStreamer_Android,/home/gabriel/Documentos/ic2/analiseDosProjetosGerais/repositorios/ksvc/KSYStreamer_Android/demo/build.gradle,27,66,Data do commit: 2018-02-09, 11:14:24,Data de lancamento da versao,2017-12-05, 00:00:00,
Android,medyo/android-about-page,/home/gabriel/Documentos/ic2/analiseDosProjetosGerais/repositorios/medyo/android-about-page/app/build.gradle,24,66,Data do commit: 2016-08-20, 14:41:06,Data de lancamento da versao,2016-06-15, 00:00:00,
Android,medyo/android-about-page,/home/gabriel/Documentos/ic2/analiseDosProjetosGerais/repositorios/medyo/android-about-page/app/build.gradle,25,81,Data do commit: 2017-02-11, 22:03:13,Data de lancamento da versao,2016-11-22, 00:00:00,
Android,medyo/android-about-page,/home/gabriel/Documentos/ic2/analiseDosProjetosGerais/repositorios/medyo/android-about-page/app/build.gradle,24,248,Data do commit: 2017-02-18, 15:15:49,Data de lancamento da versao,2016-06-15, 00:00:00,
Android,medyo/android-about-page,/home/gabriel/Documentos/ic2/analiseDosProjetosGerais/repositorios/medyo/android-about-page/app/build.gradle,25,88,Data do commit: 2017-02-18, 15:32:43,Data de lancamento da versao,2016-11-22, 00:00:00,
Android,medyo/android-about-page,/home/gabriel/Documentos/ic2/analiseDosProjetosGerais/repositorios/medyo/android-about-page/app/build.gradle,27,97,Data do commit: 2018-03-12, 15:08:49,Data de lancamento da versao,2017-12-05, 00:00:00,
Android,medyo/android-about-page,/home/gabriel/Documentos/ic2/analiseDosProjetosGerais/repositorios/medyo/android-about-page/library/build.gradle,24,66,Data do commit: 2016-08-20, 14:41:06,Data de lancamento da versao,2016-06-15, 00:00:00,
Android,medyo/android-about-page,/home/gabriel/Documentos/ic2/analiseDosProjetosGerais/repositorios/medyo/android-about-page/library/build.gradle,25,81,Data do commit: 2017-02-11, 22:03:13,Data de lancamento da versao,2016-11-22, 00:00:00,
Android,medyo/android-about-page,/home/gabriel/Documentos/ic2/analiseDosProjetosGerais/repositorios/medyo/android-about-page/library/build.gradle,24,248,Data do commit: 2017-02-18, 15:15:49,Data de lancamento da versao,2016-06-15, 00:00:00,
Android,medyo/android-about-page,/home/gabriel/Documentos/ic2/analiseDosProjetosGerais/repositorios/medyo/android-about-page/library/build.gradle,25,88,Data do commit: 2017-02-18, 15:32:43,Data de lancamento da versao,2016-11-22, 00:00:00,
Android,medyo/android-about-page,/home/gabriel/Documentos/ic2/analiseDosProjetosGerais/repositorios/medyo/android-about-page/library/build.gradle,27,97,Data do commit: 2018-03-12, 15:08:49,Data de lancamento da versao,2017-12-05, 00:00:00,
Android,ryanlijianchang/Recyclerview-Gallery,/home/gabriel/Documentos/ic2/analiseDosProjetosGerais/repositorios/ryanlijianchang/Recyclerview-Gallery/app/build.gradle,27,241,Data do commit: 2018-08-03, 20:18:31,Data de lancamento da versao,2017-12-05, 00:00:00,
Android,mdg-iitr/RotatingText,/home/gabriel/Documentos/ic2/analiseDosProjetosGerais/repositorios/mdg-iitr/RotatingText/app/build.gradle,27,51,Data do commit: 2018-01-25, 17:59:38,Data de lancamento da versao,2017-12-05, 00:00:00,
Android,mdg-iitr/RotatingText,/home/gabriel/Documentos/ic2/analiseDosProjetosGerais/repositorios/mdg-iitr/RotatingText/rotatingtext/build.gradle,27,51,Data do commit: 2018-01-25, 17:59:38,Data de lancamento da versao,2017-12-05, 00:00:00,
Android,iamMehedi/Secured-Preference-Store,/home/gabriel/Documentos/ic2/analiseDosProjetosGerais/repositorios/iamMehedi/Secured-Preference-Store/app/build.gradle,25,40,Data do commit: 2017-01-01, 13:04:47,Data de lancamento da versao,2016-11-22, 00:00:00,
Android,iamMehedi/Secured-Preference-Store,/home/gabriel/Documentos/ic2/analiseDosProjetosGerais/repositorios/iamMehedi/Secured-Preference-Store/app/build.gradle,26,238,Data do commit: 2018-02-01, 12:20:59,Data de lancamento da versao,2017-06-08, 00:00:00,
Android,iamMehedi/Secured-Preference-Store,/home/gabriel/Documentos/ic2/analiseDosProjetosGerais/repositorios/iamMehedi/Secured-Preference-Store/app/build.gradle,27,163,Data do commit: 2018-05-17, 14:30:16,Data de lancamento da versao,2017-12-05, 00:00:00,
Android,iamMehedi/Secured-Preference-Store,/home/gabriel/Documentos/ic2/analiseDosProjetosGerais/repositorios/iamMehedi/Secured-Preference-Store/app/build.gradle,25,570,Data do commit: 2018-06-15, 10:08:28,Data de lancamento da versao,2016-11-22, 00:00:00,
Android,iamMehedi/Secured-Preference-Store,/home/gabriel/Documentos/ic2/analiseDosProjetosGerais/repositorios/iamMehedi/Secured-Preference-Store/app/build.gradle,27,197,Data do commit: 2018-06-20, 21:05:27,Data de lancamento da versao,2017-12-05, 00:00:00,
Android,iamMehedi/Secured-Preference-Store,/home/gabriel/Documentos/ic2/analiseDosProjetosGerais/repositorios/iamMehedi/Secured-Preference-Store/securedpreferencestore/build.gradle,25,40,Data do commit: 2017-01-01, 13:04:47,Data de lancamento da versao,2016-11-22, 00:00:00,
Android,iamMehedi/Secured-Preference-Store,/home/gabriel/Documentos/ic2/analiseDosProjetosGerais/repositorios/iamMehedi/Secured-Preference-Store/securedpreferencestore/build.gradle,26,238,Data do commit: 2018-02-01, 12:20:59,Data de lancamento da versao,2017-06-08, 00:00:00,
Android,iamMehedi/Secured-Preference-Store,/home/gabriel/Documentos/ic2/analiseDosProjetosGerais/repositorios/iamMehedi/Secured-Preference-Store/securedpreferencestore/build.gradle,27,163,Data do commit: 2018-05-17, 14:30:16,Data de lancamento da versao,2017-12-05, 00:00:00,
Android,iamMehedi/Secured-Preference-Store,/home/gabriel/Documentos/ic2/analiseDosProjetosGerais/repositorios/iamMehedi/Secured-Preference-Store/securedpreferencestore/build.gradle,25,570,Data do commit: 2018-06-15, 10:08:28,Data de lancamento da versao,2016-11-22, 00:00:00,
Android,iamMehedi/Secured-Preference-Store,/home/gabriel/Documentos/ic2/analiseDosProjetosGerais/repositorios/iamMehedi/Secured-Preference-Store/securedpreferencestore/build.gradle,27,197,Data do commit: 2018-06-20, 21:05:27,Data de lancamento da versao,2017-12-05, 00:00:00,
Android,pavlospt/RxFile,/home/gabriel/Documentos/ic2/analiseDosProjetosGerais/repositorios/pavlospt/RxFile/app/build.gradle,26,148,Data do commit: 2017-11-03, 13:32:39,Data de lancamento da versao,2017-06-08, 00:00:00,
Android,pavlospt/RxFile,/home/gabriel/Documentos/ic2/analiseDosProjetosGerais/repositorios/pavlospt/RxFile/app/build.gradle,27,188,Data do commit: 2018-06-11, 12:53:57,Data de lancamento da versao,2017-12-05, 00:00:00,
Android,pavlospt/RxFile,/home/gabriel/Documentos/ic2/analiseDosProjetosGerais/repositorios/pavlospt/RxFile/rxfile/build.gradle,26,148,Data do commit: 2017-11-03, 13:32:39,Data de lancamento da versao,2017-06-08, 00:00:00,
Android,pavlospt/RxFile,/home/gabriel/Documentos/ic2/analiseDosProjetosGerais/repositorios/pavlospt/RxFile/rxfile/build.gradle,27,188,Data do commit: 2018-06-11, 12:53:57,Data de lancamento da versao,2017-12-05, 00:00:00,
Android,lessthanoptimal/BoofCV,/home/gabriel/Documentos/ic2/analiseDosProjetosGerais/repositorios/lessthanoptimal/BoofCV/integration/boofcv-android/examples/video/app/build.gradle,26,284,Data do commit: 2018-03-18, 19:49:28,Data de lancamento da versao,2017-06-08, 00:00:00,
Android,lessthanoptimal/BoofCV,/home/gabriel/Documentos/ic2/analiseDosProjetosGerais/repositorios/lessthanoptimal/BoofCV/integration/boofcv-android/examples/video/app/build.gradle,27,133,Data do commit: 2018-04-16, 22:08:56,Data de lancamento da versao,2017-12-05, 00:00:00,
Android,androidthings/sample-tensorflow-imageclassifier,/home/gabriel/Documentos/ic2/analiseDosProjetosGerais/repositorios/androidthings/sample-tensorflow-imageclassifier/app/build.gradle,25,128,Data do commit: 2017-03-30, 12:38:55,Data de lancamento da versao,2016-11-22, 00:00:00,
Android,androidthings/sample-tensorflow-imageclassifier,/home/gabriel/Documentos/ic2/analiseDosProjetosGerais/repositorios/androidthings/sample-tensorflow-imageclassifier/app/build.gradle,26,173,Data do commit: 2017-11-28, 14:07:43,Data de lancamento da versao,2017-06-08, 00:00:00,
Android,androidthings/sample-tensorflow-imageclassifier,/home/gabriel/Documentos/ic2/analiseDosProjetosGerais/repositorios/androidthings/sample-tensorflow-imageclassifier/app/build.gradle,25,364,Data do commit: 2017-11-20, 21:14:40,Data de lancamento da versao,2016-11-22, 00:00:00,
Android,androidthings/sample-tensorflow-imageclassifier,/home/gabriel/Documentos/ic2/analiseDosProjetosGerais/repositorios/androidthings/sample-tensorflow-imageclassifier/app/build.gradle,26,175,Data do commit: 2017-11-30, 17:33:02,Data de lancamento da versao,2017-06-08, 00:00:00,
Android,androidthings/sample-tensorflow-imageclassifier,/home/gabriel/Documentos/ic2/analiseDosProjetosGerais/repositorios/androidthings/sample-tensorflow-imageclassifier/app/build.gradle,27,122,Data do commit: 2018-04-06, 16:22:17,Data de lancamento da versao,2017-12-05, 00:00:00,
Android,Beseting/PhotoBrowse,/home/gabriel/Documentos/ic2/analiseDosProjetosGerais/repositorios/Beseting/PhotoBrowse/app/build.gradle,27,134,Data do commit: 2018-04-18, 22:39:10,Data de lancamento da versao,2017-12-05, 00:00:00,
Android,Beseting/PhotoBrowse,/home/gabriel/Documentos/ic2/analiseDosProjetosGerais/repositorios/Beseting/PhotoBrowse/app/build.gradle,28,78,Data do commit: 2018-10-11, 16:06:32,Data de lancamento da versao,2018-07-25, 00:00:00,
Android,Beseting/PhotoBrowse,/home/gabriel/Documentos/ic2/analiseDosProjetosGerais/repositorios/Beseting/PhotoBrowse/app/build.gradle,27,310,Data do commit: 2018-10-11, 20:35:06,Data de lancamento da versao,2017-12-05, 00:00:00,
Android,Beseting/PhotoBrowse,/home/gabriel/Documentos/ic2/analiseDosProjetosGerais/repositorios/Beseting/PhotoBrowse/app/build.gradle,28,163,Data do commit: 2019-01-04, 10:17:51,Data de lancamento da versao,2018-07-25, 00:00:00,
Android,Beseting/PhotoBrowse,/home/gabriel/Documentos/ic2/analiseDosProjetosGerais/repositorios/Beseting/PhotoBrowse/photo-browse/build.gradle,27,134,Data do commit: 2018-04-18, 22:39:10,Data de lancamento da versao,2017-12-05, 00:00:00,
Android,Beseting/PhotoBrowse,/home/gabriel/Documentos/ic2/analiseDosProjetosGerais/repositorios/Beseting/PhotoBrowse/photo-browse/build.gradle,28,78,Data do commit: 2018-10-11, 16:06:32,Data de lancamento da versao,2018-07-25, 00:00:00,
Android,Beseting/PhotoBrowse,/home/gabriel/Documentos/ic2/analiseDosProjetosGerais/repositorios/Beseting/PhotoBrowse/photo-browse/build.gradle,27,310,Data do commit: 2018-10-11, 20:35:06,Data de lancamento da versao,2017-12-05, 00:00:00,
Android,Beseting/PhotoBrowse,/home/gabriel/Documentos/ic2/analiseDosProjetosGerais/repositorios/Beseting/PhotoBrowse/photo-browse/build.gradle,28,163,Data do commit: 2019-01-04, 10:17:51,Data de lancamento da versao,2018-07-25, 00:00:00,
Android,brianwernick/ExoMedia,/home/gabriel/Documentos/ic2/analiseDosProjetosGerais/repositorios/brianwernick/ExoMedia/library/build.gradle,22,12,Data do commit: 2015-03-20, 18:55:48,Data de lancamento da versao,2015-03-09, 00:00:00,
Android,brianwernick/ExoMedia,/home/gabriel/Documentos/ic2/analiseDosProjetosGerais/repositorios/brianwernick/ExoMedia/library/build.gradle,23,3,Data do commit: 2015-08-20, 10:21:32,Data de lancamento da versao,2015-08-17, 00:00:00,
Android,brianwernick/ExoMedia,/home/gabriel/Documentos/ic2/analiseDosProjetosGerais/repositorios/brianwernick/ExoMedia/library/build.gradle,22,187,Data do commit: 2015-09-12, 10:23:41,Data de lancamento da versao,2015-03-09, 00:00:00,
Android,brianwernick/ExoMedia,/home/gabriel/Documentos/ic2/analiseDosProjetosGerais/repositorios/brianwernick/ExoMedia/library/build.gradle,23,26,Data do commit: 2015-09-12, 10:31:07,Data de lancamento da versao,2015-08-17, 00:00:00,
Android,brianwernick/ExoMedia,/home/gabriel/Documentos/ic2/analiseDosProjetosGerais/repositorios/brianwernick/ExoMedia/library/build.gradle,24,12,Data do commit: 2016-06-27, 12:14:13,Data de lancamento da versao,2016-06-15, 00:00:00,
Android,brianwernick/ExoMedia,/home/gabriel/Documentos/ic2/analiseDosProjetosGerais/repositorios/brianwernick/ExoMedia/library/build.gradle,25,0,Data do commit: 2016-10-31, 20:17:57,Data de lancamento da versao,2016-11-22, 00:00:00,
Android,brianwernick/ExoMedia,/home/gabriel/Documentos/ic2/analiseDosProjetosGerais/repositorios/brianwernick/ExoMedia/library/build.gradle,26,61,Data do commit: 2017-08-08, 13:54:23,Data de lancamento da versao,2017-06-08, 00:00:00,
Android,brianwernick/ExoMedia,/home/gabriel/Documentos/ic2/analiseDosProjetosGerais/repositorios/brianwernick/ExoMedia/library/build.gradle,27,0,Data do commit: 2017-10-28, 10:32:46,Data de lancamento da versao,2017-12-05, 00:00:00,
Android,brianwernick/ExoMedia,/home/gabriel/Documentos/ic2/analiseDosProjetosGerais/repositorios/brianwernick/ExoMedia/library/build.gradle,28,58,Data do commit: 2018-09-20, 19:39:45,Data de lancamento da versao,2018-07-25, 00:00:00,
Android,HITGIF/TextFieldBoxes,/home/gabriel/Documentos/ic2/analiseDosProjetosGerais/repositorios/HITGIF/TextFieldBoxes/sample/build.gradle,27,0,Data do commit: 2017-11-20, 16:42:58,Data de lancamento da versao,2017-12-05, 00:00:00,
Android,HITGIF/TextFieldBoxes,/home/gabriel/Documentos/ic2/analiseDosProjetosGerais/repositorios/HITGIF/TextFieldBoxes/sample/build.gradle,28,319,Data do commit: 2019-06-10, 07:58:19,Data de lancamento da versao,2018-07-25, 00:00:00,
Android,HITGIF/TextFieldBoxes,/home/gabriel/Documentos/ic2/analiseDosProjetosGerais/repositorios/HITGIF/TextFieldBoxes/textfieldboxes/build.gradle,27,0,Data do commit: 2017-11-20, 16:42:58,Data de lancamento da versao,2017-12-05, 00:00:00,
Android,HITGIF/TextFieldBoxes,/home/gabriel/Documentos/ic2/analiseDosProjetosGerais/repositorios/HITGIF/TextFieldBoxes/textfieldboxes/build.gradle,28,320,Data do commit: 2019-06-10, 08:20:21,Data de lancamento da versao,2018-07-25, 00:00:00,
Android,shangmingchao/PopupList,/home/gabriel/Documentos/ic2/analiseDosProjetosGerais/repositorios/shangmingchao/PopupList/samples/build.gradle,28,0,Data do commit: 2018-06-28, 19:35:29,Data de lancamento da versao,2018-07-25, 00:00:00,
Android,ShawnLin013/NumberPicker,/home/gabriel/Documentos/ic2/analiseDosProjetosGerais/repositorios/ShawnLin013/NumberPicker/library/build.gradle,25,73,Data do commit: 2017-02-04, 01:19:11,Data de lancamento da versao,2016-11-22, 00:00:00,
Android,ShawnLin013/NumberPicker,/home/gabriel/Documentos/ic2/analiseDosProjetosGerais/repositorios/ShawnLin013/NumberPicker/library/build.gradle,27,51,Data do commit: 2018-01-26, 02:23:24,Data de lancamento da versao,2017-12-05, 00:00:00,
Android,ShawnLin013/NumberPicker,/home/gabriel/Documentos/ic2/analiseDosProjetosGerais/repositorios/ShawnLin013/NumberPicker/library/build.gradle,28,103,Data do commit: 2018-11-06, 00:25:05,Data de lancamento da versao,2018-07-25, 00:00:00,
Android,ShawnLin013/NumberPicker,/home/gabriel/Documentos/ic2/analiseDosProjetosGerais/repositorios/ShawnLin013/NumberPicker/library/build.gradle,27,345,Data do commit: 2018-11-15, 22:59:29,Data de lancamento da versao,2017-12-05, 00:00:00,
Android,ShawnLin013/NumberPicker,/home/gabriel/Documentos/ic2/analiseDosProjetosGerais/repositorios/ShawnLin013/NumberPicker/library/build.gradle,28,113,Data do commit: 2018-11-15, 23:14:43,Data de lancamento da versao,2018-07-25, 00:00:00,
Android,ShawnLin013/NumberPicker,/home/gabriel/Documentos/ic2/analiseDosProjetosGerais/repositorios/ShawnLin013/NumberPicker/sample/build.gradle,25,73,Data do commit: 2017-02-04, 01:19:11,Data de lancamento da versao,2016-11-22, 00:00:00,
Android,ShawnLin013/NumberPicker,/home/gabriel/Documentos/ic2/analiseDosProjetosGerais/repositorios/ShawnLin013/NumberPicker/sample/build.gradle,27,51,Data do commit: 2018-01-26, 02:23:24,Data de lancamento da versao,2017-12-05, 00:00:00,
Android,ShawnLin013/NumberPicker,/home/gabriel/Documentos/ic2/analiseDosProjetosGerais/repositorios/ShawnLin013/NumberPicker/sample/build.gradle,28,103,Data do commit: 2018-11-06, 00:25:05,Data de lancamento da versao,2018-07-25, 00:00:00,
Android,ShawnLin013/NumberPicker,/home/gabriel/Documentos/ic2/analiseDosProjetosGerais/repositorios/ShawnLin013/NumberPicker/sample/build.gradle,27,345,Data do commit: 2018-11-15, 22:59:29,Data de lancamento da versao,2017-12-05, 00:00:00,
Android,ShawnLin013/NumberPicker,/home/gabriel/Documentos/ic2/analiseDosProjetosGerais/repositorios/ShawnLin013/NumberPicker/sample/build.gradle,28,113,Data do commit: 2018-11-15, 23:14:43,Data de lancamento da versao,2018-07-25, 00:00:00,
Android,uber/rave,/home/gabriel/Documentos/ic2/analiseDosProjetosGerais/repositorios/uber/rave/sample/build.gradle,23,565,Data do commit: 2017-03-03, 17:04:19,Data de lancamento da versao,2015-08-17, 00:00:00,
Android,uber/rave,/home/gabriel/Documentos/ic2/analiseDosProjetosGerais/repositorios/uber/rave/sample/build.gradle,25,102,Data do commit: 2017-03-03, 17:38:18,Data de lancamento da versao,2016-11-22, 00:00:00,
Android,uber/rave,/home/gabriel/Documentos/ic2/analiseDosProjetosGerais/repositorios/uber/rave/sample/build.gradle,27,129,Data do commit: 2018-04-12, 18:44:08,Data de lancamento da versao,2017-12-05, 00:00:00,
Android,uber/rave,/home/gabriel/Documentos/ic2/analiseDosProjetosGerais/repositorios/uber/rave/sample/build.gradle,28,113,Data do commit: 2018-11-15, 14:36:46,Data de lancamento da versao,2018-07-25, 00:00:00,
Android,uber/rave,/home/gabriel/Documentos/ic2/analiseDosProjetosGerais/repositorios/uber/rave/sample/build.gradle,27,361,Data do commit: 2018-12-01, 09:52:30,Data de lancamento da versao,2017-12-05, 00:00:00,
Android,uber/rave,/home/gabriel/Documentos/ic2/analiseDosProjetosGerais/repositorios/uber/rave/sample/build.gradle,28,129,Data do commit: 2018-11-30, 19:24:56,Data de lancamento da versao,2018-07-25, 00:00:00,
Android,brianwernick/ExoMedia,/home/gabriel/Documentos/ic2/analiseDosProjetosGerais/repositorios/brianwernick/ExoMedia/demo/build.gradle,22,12,Data do commit: 2015-03-20, 18:55:48,Data de lancamento da versao,2015-03-09, 00:00:00,
Android,brianwernick/ExoMedia,/home/gabriel/Documentos/ic2/analiseDosProjetosGerais/repositorios/brianwernick/ExoMedia/demo/build.gradle,23,3,Data do commit: 2015-08-20, 10:21:32,Data de lancamento da versao,2015-08-17, 00:00:00,
Android,brianwernick/ExoMedia,/home/gabriel/Documentos/ic2/analiseDosProjetosGerais/repositorios/brianwernick/ExoMedia/demo/build.gradle,22,187,Data do commit: 2015-09-12, 10:23:41,Data de lancamento da versao,2015-03-09, 00:00:00,
Android,brianwernick/ExoMedia,/home/gabriel/Documentos/ic2/analiseDosProjetosGerais/repositorios/brianwernick/ExoMedia/demo/build.gradle,23,26,Data do commit: 2015-09-12, 10:31:07,Data de lancamento da versao,2015-08-17, 00:00:00,
Android,brianwernick/ExoMedia,/home/gabriel/Documentos/ic2/analiseDosProjetosGerais/repositorios/brianwernick/ExoMedia/demo/build.gradle,24,12,Data do commit: 2016-06-27, 12:14:13,Data de lancamento da versao,2016-06-15, 00:00:00,
Android,brianwernick/ExoMedia,/home/gabriel/Documentos/ic2/analiseDosProjetosGerais/repositorios/brianwernick/ExoMedia/demo/build.gradle,25,0,Data do commit: 2016-10-31, 20:17:57,Data de lancamento da versao,2016-11-22, 00:00:00,
Android,brianwernick/ExoMedia,/home/gabriel/Documentos/ic2/analiseDosProjetosGerais/repositorios/brianwernick/ExoMedia/demo/build.gradle,26,61,Data do commit: 2017-08-08, 13:54:23,Data de lancamento da versao,2017-06-08, 00:00:00,
Android,brianwernick/ExoMedia,/home/gabriel/Documentos/ic2/analiseDosProjetosGerais/repositorios/brianwernick/ExoMedia/demo/build.gradle,27,0,Data do commit: 2017-10-28, 10:32:46,Data de lancamento da versao,2017-12-05, 00:00:00,
Android,brianwernick/ExoMedia,/home/gabriel/Documentos/ic2/analiseDosProjetosGerais/repositorios/brianwernick/ExoMedia/demo/build.gradle,28,89,Data do commit: 2018-10-22, 09:10:20,Data de lancamento da versao,2018-07-25, 00:00:00,
Android,codekidX/storage-chooser,/home/gabriel/Documentos/ic2/analiseDosProjetosGerais/repositorios/codekidX/storage-chooser/app/build.gradle,26,10,Data do commit: 2017-06-18, 15:09:20,Data de lancamento da versao,2017-06-08, 00:00:00,
Android,codekidX/storage-chooser,/home/gabriel/Documentos/ic2/analiseDosProjetosGerais/repositorios/codekidX/storage-chooser/app/build.gradle,27,215,Data do commit: 2018-07-08, 11:55:13,Data de lancamento da versao,2017-12-05, 00:00:00,
Android,codekidX/storage-chooser,/home/gabriel/Documentos/ic2/analiseDosProjetosGerais/repositorios/codekidX/storage-chooser/app/build.gradle,26,417,Data do commit: 2018-07-30, 21:05:47,Data de lancamento da versao,2017-06-08, 00:00:00,
Android,codekidX/storage-chooser,/home/gabriel/Documentos/ic2/analiseDosProjetosGerais/repositorios/codekidX/storage-chooser/app/build.gradle,27,263,Data do commit: 2018-08-25, 14:19:02,Data de lancamento da versao,2017-12-05, 00:00:00,
Android,codekidX/storage-chooser,/home/gabriel/Documentos/ic2/analiseDosProjetosGerais/repositorios/codekidX/storage-chooser/app/build.gradle,28,243,Data do commit: 2019-03-25, 14:23:33,Data de lancamento da versao,2018-07-25, 00:00:00,
Android,codekidX/storage-chooser,/home/gabriel/Documentos/ic2/analiseDosProjetosGerais/repositorios/codekidX/storage-chooser/storagechooser/build.gradle,26,10,Data do commit: 2017-06-18, 15:09:20,Data de lancamento da versao,2017-06-08, 00:00:00,
Android,codekidX/storage-chooser,/home/gabriel/Documentos/ic2/analiseDosProjetosGerais/repositorios/codekidX/storage-chooser/storagechooser/build.gradle,27,215,Data do commit: 2018-07-08, 11:55:13,Data de lancamento da versao,2017-12-05, 00:00:00,
Android,codekidX/storage-chooser,/home/gabriel/Documentos/ic2/analiseDosProjetosGerais/repositorios/codekidX/storage-chooser/storagechooser/build.gradle,26,417,Data do commit: 2018-07-30, 21:05:47,Data de lancamento da versao,2017-06-08, 00:00:00,
Android,codekidX/storage-chooser,/home/gabriel/Documentos/ic2/analiseDosProjetosGerais/repositorios/codekidX/storage-chooser/storagechooser/build.gradle,27,263,Data do commit: 2018-08-25, 14:19:02,Data de lancamento da versao,2017-12-05, 00:00:00,
Android,codekidX/storage-chooser,/home/gabriel/Documentos/ic2/analiseDosProjetosGerais/repositorios/codekidX/storage-chooser/storagechooser/build.gradle,28,243,Data do commit: 2019-03-25, 14:23:33,Data de lancamento da versao,2018-07-25, 00:00:00,
Android,hnvn/flutter_image_cropper,/home/gabriel/Documentos/ic2/analiseDosProjetosGerais/repositorios/hnvn/flutter_image_cropper/example/android/app/build.gradle,28,199,Data do commit: 2019-02-09, 09:17:32,Data de lancamento da versao,2018-07-25, 00:00:00,
Android,kiwi-bop/flutter_crashlytics,/home/gabriel/Documentos/ic2/analiseDosProjetosGerais/repositorios/kiwi-bop/flutter_crashlytics/example/android/app/build.gradle,28,65,Data do commit: 2018-09-28, 19:54:25,Data de lancamento da versao,2018-07-25, 00:00:00,
Android,kiwi-bop/flutter_crashlytics,/home/gabriel/Documentos/ic2/analiseDosProjetosGerais/repositorios/kiwi-bop/flutter_crashlytics/example/android/app/build.gradle,27,307,Data do commit: 2018-10-08, 20:13:07,Data de lancamento da versao,2017-12-05, 00:00:00,
Android,kiwi-bop/flutter_crashlytics,/home/gabriel/Documentos/ic2/analiseDosProjetosGerais/repositorios/kiwi-bop/flutter_crashlytics/example/android/app/build.gradle,28,76,Data do commit: 2018-10-09, 15:11:25,Data de lancamento da versao,2018-07-25, 00:00:00,
Android,vector-im/riot-android,/home/gabriel/Documentos/ic2/analiseDosProjetosGerais/repositorios/vector-im/riot-android/vector/build.gradle,23,308,Data do commit: 2016-06-20, 16:28:47,Data de lancamento da versao,2015-08-17, 00:00:00,
Android,vector-im/riot-android,/home/gabriel/Documentos/ic2/analiseDosProjetosGerais/repositorios/vector-im/riot-android/vector/build.gradle,22,469,Data do commit: 2016-06-20, 17:04:49,Data de lancamento da versao,2015-03-09, 00:00:00,
Android,vector-im/riot-android,/home/gabriel/Documentos/ic2/analiseDosProjetosGerais/repositorios/vector-im/riot-android/vector/build.gradle,23,308,Data do commit: 2016-06-20, 17:21:46,Data de lancamento da versao,2015-08-17, 00:00:00,
Android,vector-im/riot-android,/home/gabriel/Documentos/ic2/analiseDosProjetosGerais/repositorios/vector-im/riot-android/vector/build.gradle,22,469,Data do commit: 2016-06-20, 18:10:17,Data de lancamento da versao,2015-03-09, 00:00:00,
Android,vector-im/riot-android,/home/gabriel/Documentos/ic2/analiseDosProjetosGerais/repositorios/vector-im/riot-android/vector/build.gradle,23,308,Data do commit: 2016-06-20, 21:07:39,Data de lancamento da versao,2015-08-17, 00:00:00,
Android,vector-im/riot-android,/home/gabriel/Documentos/ic2/analiseDosProjetosGerais/repositorios/vector-im/riot-android/vector/build.gradle,25,115,Data do commit: 2017-03-17, 15:01:30,Data de lancamento da versao,2016-11-22, 00:00:00,
Android,vector-im/riot-android,/home/gabriel/Documentos/ic2/analiseDosProjetosGerais/repositorios/vector-im/riot-android/vector/build.gradle,23,579,Data do commit: 2017-03-18, 19:51:40,Data de lancamento da versao,2015-08-17, 00:00:00,
Android,vector-im/riot-android,/home/gabriel/Documentos/ic2/analiseDosProjetosGerais/repositorios/vector-im/riot-android/vector/build.gradle,25,119,Data do commit: 2017-03-21, 09:19:11,Data de lancamento da versao,2016-11-22, 00:00:00,
Android,vector-im/riot-android,/home/gabriel/Documentos/ic2/analiseDosProjetosGerais/repositorios/vector-im/riot-android/vector/build.gradle,23,582,Data do commit: 2017-03-21, 11:39:49,Data de lancamento da versao,2015-08-17, 00:00:00,
Android,vector-im/riot-android,/home/gabriel/Documentos/ic2/analiseDosProjetosGerais/repositorios/vector-im/riot-android/vector/build.gradle,25,119,Data do commit: 2017-03-21, 14:11:09,Data de lancamento da versao,2016-11-22, 00:00:00,
Android,vector-im/riot-android,/home/gabriel/Documentos/ic2/analiseDosProjetosGerais/repositorios/vector-im/riot-android/vector/build.gradle,23,582,Data do commit: 2017-03-21, 14:19:57,Data de lancamento da versao,2015-08-17, 00:00:00,
Android,vector-im/riot-android,/home/gabriel/Documentos/ic2/analiseDosProjetosGerais/repositorios/vector-im/riot-android/vector/build.gradle,25,119,Data do commit: 2017-03-21, 15:21:38,Data de lancamento da versao,2016-11-22, 00:00:00,
Android,vector-im/riot-android,/home/gabriel/Documentos/ic2/analiseDosProjetosGerais/repositorios/vector-im/riot-android/vector/build.gradle,23,583,Data do commit: 2017-03-22, 11:23:39,Data de lancamento da versao,2015-08-17, 00:00:00,
Android,vector-im/riot-android,/home/gabriel/Documentos/ic2/analiseDosProjetosGerais/repositorios/vector-im/riot-android/vector/build.gradle,25,120,Data do commit: 2017-03-22, 16:20:36,Data de lancamento da versao,2016-11-22, 00:00:00,
Android,vector-im/riot-android,/home/gabriel/Documentos/ic2/analiseDosProjetosGerais/repositorios/vector-im/riot-android/vector/build.gradle,23,583,Data do commit: 2017-03-22, 16:35:59,Data de lancamento da versao,2015-08-17, 00:00:00,
Android,vector-im/riot-android,/home/gabriel/Documentos/ic2/analiseDosProjetosGerais/repositorios/vector-im/riot-android/vector/build.gradle,25,120,Data do commit: 2017-03-22, 18:24:39,Data de lancamento da versao,2016-11-22, 00:00:00,
Android,vector-im/riot-android,/home/gabriel/Documentos/ic2/analiseDosProjetosGerais/repositorios/vector-im/riot-android/vector/build.gradle,23,584,Data do commit: 2017-03-23, 10:25:51,Data de lancamento da versao,2015-08-17, 00:00:00,
Android,vector-im/riot-android,/home/gabriel/Documentos/ic2/analiseDosProjetosGerais/repositorios/vector-im/riot-android/vector/build.gradle,25,121,Data do commit: 2017-03-23, 10:47:48,Data de lancamento da versao,2016-11-22, 00:00:00,
Android,vector-im/riot-android,/home/gabriel/Documentos/ic2/analiseDosProjetosGerais/repositorios/vector-im/riot-android/vector/build.gradle,23,584,Data do commit: 2017-03-23, 12:00:37,Data de lancamento da versao,2015-08-17, 00:00:00,
Android,vector-im/riot-android,/home/gabriel/Documentos/ic2/analiseDosProjetosGerais/repositorios/vector-im/riot-android/vector/build.gradle,25,121,Data do commit: 2017-03-23, 17:39:27,Data de lancamento da versao,2016-11-22, 00:00:00,
Android,vector-im/riot-android,/home/gabriel/Documentos/ic2/analiseDosProjetosGerais/repositorios/vector-im/riot-android/vector/build.gradle,23,585,Data do commit: 2017-03-24, 15:51:39,Data de lancamento da versao,2015-08-17, 00:00:00,
Android,vector-im/riot-android,/home/gabriel/Documentos/ic2/analiseDosProjetosGerais/repositorios/vector-im/riot-android/vector/build.gradle,25,122,Data do commit: 2017-03-24, 16:37:23,Data de lancamento da versao,2016-11-22, 00:00:00,
Android,vector-im/riot-android,/home/gabriel/Documentos/ic2/analiseDosProjetosGerais/repositorios/vector-im/riot-android/vector/build.gradle,23,585,Data do commit: 2017-03-24, 18:24:53,Data de lancamento da versao,2015-08-17, 00:00:00,
Android,vector-im/riot-android,/home/gabriel/Documentos/ic2/analiseDosProjetosGerais/repositorios/vector-im/riot-android/vector/build.gradle,25,125,Data do commit: 2017-03-27, 10:36:08,Data de lancamento da versao,2016-11-22, 00:00:00,
Android,vector-im/riot-android,/home/gabriel/Documentos/ic2/analiseDosProjetosGerais/repositorios/vector-im/riot-android/vector/build.gradle,23,588,Data do commit: 2017-03-27, 14:04:21,Data de lancamento da versao,2015-08-17, 00:00:00,
Android,vector-im/riot-android,/home/gabriel/Documentos/ic2/analiseDosProjetosGerais/repositorios/vector-im/riot-android/vector/build.gradle,25,125,Data do commit: 2017-03-27, 14:10:31,Data de lancamento da versao,2016-11-22, 00:00:00,
Android,vector-im/riot-android,/home/gabriel/Documentos/ic2/analiseDosProjetosGerais/repositorios/vector-im/riot-android/vector/build.gradle,23,588,Data do commit: 2017-03-27, 15:19:17,Data de lancamento da versao,2015-08-17, 00:00:00,
Android,vector-im/riot-android,/home/gabriel/Documentos/ic2/analiseDosProjetosGerais/repositorios/vector-im/riot-android/vector/build.gradle,25,126,Data do commit: 2017-03-28, 09:07:14,Data de lancamento da versao,2016-11-22, 00:00:00,
Android,vector-im/riot-android,/home/gabriel/Documentos/ic2/analiseDosProjetosGerais/repositorios/vector-im/riot-android/vector/build.gradle,23,590,Data do commit: 2017-03-29, 15:27:03,Data de lancamento da versao,2015-08-17, 00:00:00,
Android,vector-im/riot-android,/home/gabriel/Documentos/ic2/analiseDosProjetosGerais/repositorios/vector-im/riot-android/vector/build.gradle,25,129,Data do commit: 2017-03-31, 12:01:53,Data de lancamento da versao,2016-11-22, 00:00:00,
Android,vector-im/riot-android,/home/gabriel/Documentos/ic2/analiseDosProjetosGerais/repositorios/vector-im/riot-android/vector/build.gradle,23,592,Data do commit: 2017-03-31, 16:04:35,Data de lancamento da versao,2015-08-17, 00:00:00,
Android,vector-im/riot-android,/home/gabriel/Documentos/ic2/analiseDosProjetosGerais/repositorios/vector-im/riot-android/vector/build.gradle,25,133,Data do commit: 2017-04-04, 11:27:43,Data de lancamento da versao,2016-11-22, 00:00:00,
Android,vector-im/riot-android,/home/gabriel/Documentos/ic2/analiseDosProjetosGerais/repositorios/vector-im/riot-android/vector/build.gradle,23,596,Data do commit: 2017-04-04, 11:39:24,Data de lancamento da versao,2015-08-17, 00:00:00,
Android,vector-im/riot-android,/home/gabriel/Documentos/ic2/analiseDosProjetosGerais/repositorios/vector-im/riot-android/vector/build.gradle,25,133,Data do commit: 2017-04-04, 11:47:27,Data de lancamento da versao,2016-11-22, 00:00:00,
Android,vector-im/riot-android,/home/gabriel/Documentos/ic2/analiseDosProjetosGerais/repositorios/vector-im/riot-android/vector/build.gradle,23,596,Data do commit: 2017-04-04, 22:38:03,Data de lancamento da versao,2015-08-17, 00:00:00,
Android,vector-im/riot-android,/home/gabriel/Documentos/ic2/analiseDosProjetosGerais/repositorios/vector-im/riot-android/vector/build.gradle,25,134,Data do commit: 2017-04-05, 10:50:25,Data de lancamento da versao,2016-11-22, 00:00:00,
Android,vector-im/riot-android,/home/gabriel/Documentos/ic2/analiseDosProjetosGerais/repositorios/vector-im/riot-android/vector/build.gradle,23,597,Data do commit: 2017-04-05, 14:57:59,Data de lancamento da versao,2015-08-17, 00:00:00,
Android,vector-im/riot-android,/home/gabriel/Documentos/ic2/analiseDosProjetosGerais/repositorios/vector-im/riot-android/vector/build.gradle,25,136,Data do commit: 2017-04-07, 15:43:09,Data de lancamento da versao,2016-11-22, 00:00:00,
Android,vector-im/riot-android,/home/gabriel/Documentos/ic2/analiseDosProjetosGerais/repositorios/vector-im/riot-android/vector/build.gradle,23,602,Data do commit: 2017-04-10, 08:35:30,Data de lancamento da versao,2015-08-17, 00:00:00,
Android,vector-im/riot-android,/home/gabriel/Documentos/ic2/analiseDosProjetosGerais/repositorios/vector-im/riot-android/vector/build.gradle,25,139,Data do commit: 2017-04-10, 10:28:10,Data de lancamento da versao,2016-11-22, 00:00:00,
Android,vector-im/riot-android,/home/gabriel/Documentos/ic2/analiseDosProjetosGerais/repositorios/vector-im/riot-android/vector/build.gradle,23,604,Data do commit: 2017-04-12, 17:42:05,Data de lancamento da versao,2015-08-17, 00:00:00,
Android,vector-im/riot-android,/home/gabriel/Documentos/ic2/analiseDosProjetosGerais/repositorios/vector-im/riot-android/vector/build.gradle,25,141,Data do commit: 2017-04-12, 18:59:05,Data de lancamento da versao,2016-11-22, 00:00:00,
Android,vector-im/riot-android,/home/gabriel/Documentos/ic2/analiseDosProjetosGerais/repositorios/vector-im/riot-android/vector/build.gradle,23,605,Data do commit: 2017-04-13, 08:45:28,Data de lancamento da versao,2015-08-17, 00:00:00,
Android,vector-im/riot-android,/home/gabriel/Documentos/ic2/analiseDosProjetosGerais/repositorios/vector-im/riot-android/vector/build.gradle,25,142,Data do commit: 2017-04-13, 11:46:35,Data de lancamento da versao,2016-11-22, 00:00:00,
Android,vector-im/riot-android,/home/gabriel/Documentos/ic2/analiseDosProjetosGerais/repositorios/vector-im/riot-android/vector/build.gradle,23,605,Data do commit: 2017-04-13, 12:04:32,Data de lancamento da versao,2015-08-17, 00:00:00,
Android,vector-im/riot-android,/home/gabriel/Documentos/ic2/analiseDosProjetosGerais/repositorios/vector-im/riot-android/vector/build.gradle,25,142,Data do commit: 2017-04-13, 14:27:10,Data de lancamento da versao,2016-11-22, 00:00:00,
Android,vector-im/riot-android,/home/gabriel/Documentos/ic2/analiseDosProjetosGerais/repositorios/vector-im/riot-android/vector/build.gradle,23,605,Data do commit: 2017-04-13, 16:05:04,Data de lancamento da versao,2015-08-17, 00:00:00,
Android,vector-im/riot-android,/home/gabriel/Documentos/ic2/analiseDosProjetosGerais/repositorios/vector-im/riot-android/vector/build.gradle,25,142,Data do commit: 2017-04-13, 16:13:29,Data de lancamento da versao,2016-11-22, 00:00:00,
Android,vector-im/riot-android,/home/gabriel/Documentos/ic2/analiseDosProjetosGerais/repositorios/vector-im/riot-android/vector/build.gradle,23,605,Data do commit: 2017-04-13, 19:14:07,Data de lancamento da versao,2015-08-17, 00:00:00,
Android,vector-im/riot-android,/home/gabriel/Documentos/ic2/analiseDosProjetosGerais/repositorios/vector-im/riot-android/vector/build.gradle,25,143,Data do commit: 2017-04-14, 10:16:45,Data de lancamento da versao,2016-11-22, 00:00:00,
Android,vector-im/riot-android,/home/gabriel/Documentos/ic2/analiseDosProjetosGerais/repositorios/vector-im/riot-android/vector/build.gradle,23,606,Data do commit: 2017-04-14, 11:06:20,Data de lancamento da versao,2015-08-17, 00:00:00,
Android,vector-im/riot-android,/home/gabriel/Documentos/ic2/analiseDosProjetosGerais/repositorios/vector-im/riot-android/vector/build.gradle,25,143,Data do commit: 2017-04-14, 11:38:41,Data de lancamento da versao,2016-11-22, 00:00:00,
Android,vector-im/riot-android,/home/gabriel/Documentos/ic2/analiseDosProjetosGerais/repositorios/vector-im/riot-android/vector/build.gradle,23,606,Data do commit: 2017-04-14, 14:44:16,Data de lancamento da versao,2015-08-17, 00:00:00,
Android,vector-im/riot-android,/home/gabriel/Documentos/ic2/analiseDosProjetosGerais/repositorios/vector-im/riot-android/vector/build.gradle,25,143,Data do commit: 2017-04-14, 14:45:03,Data de lancamento da versao,2016-11-22, 00:00:00,
Android,vector-im/riot-android,/home/gabriel/Documentos/ic2/analiseDosProjetosGerais/repositorios/vector-im/riot-android/vector/build.gradle,23,606,Data do commit: 2017-04-14, 15:10:27,Data de lancamento da versao,2015-08-17, 00:00:00,
Android,vector-im/riot-android,/home/gabriel/Documentos/ic2/analiseDosProjetosGerais/repositorios/vector-im/riot-android/vector/build.gradle,25,147,Data do commit: 2017-04-18, 08:43:50,Data de lancamento da versao,2016-11-22, 00:00:00,
Android,vector-im/riot-android,/home/gabriel/Documentos/ic2/analiseDosProjetosGerais/repositorios/vector-im/riot-android/vector/build.gradle,23,611,Data do commit: 2017-04-19, 20:47:47,Data de lancamento da versao,2015-08-17, 00:00:00,
Android,vector-im/riot-android,/home/gabriel/Documentos/ic2/analiseDosProjetosGerais/repositorios/vector-im/riot-android/vector/build.gradle,25,149,Data do commit: 2017-04-20, 08:35:30,Data de lancamento da versao,2016-11-22, 00:00:00,
Android,vector-im/riot-android,/home/gabriel/Documentos/ic2/analiseDosProjetosGerais/repositorios/vector-im/riot-android/vector/build.gradle,23,612,Data do commit: 2017-04-20, 21:29:27,Data de lancamento da versao,2015-08-17, 00:00:00,
Android,vector-im/riot-android,/home/gabriel/Documentos/ic2/analiseDosProjetosGerais/repositorios/vector-im/riot-android/vector/build.gradle,25,150,Data do commit: 2017-04-21, 08:20:35,Data de lancamento da versao,2016-11-22, 00:00:00,
Android,vector-im/riot-android,/home/gabriel/Documentos/ic2/analiseDosProjetosGerais/repositorios/vector-im/riot-android/vector/build.gradle,23,616,Data do commit: 2017-04-24, 21:21:59,Data de lancamento da versao,2015-08-17, 00:00:00,
Android,vector-im/riot-android,/home/gabriel/Documentos/ic2/analiseDosProjetosGerais/repositorios/vector-im/riot-android/vector/build.gradle,25,154,Data do commit: 2017-04-25, 09:02:33,Data de lancamento da versao,2016-11-22, 00:00:00,
Android,vector-im/riot-android,/home/gabriel/Documentos/ic2/analiseDosProjetosGerais/repositorios/vector-im/riot-android/vector/build.gradle,23,621,Data do commit: 2017-04-29, 15:22:36,Data de lancamento da versao,2015-08-17, 00:00:00,
Android,vector-im/riot-android,/home/gabriel/Documentos/ic2/analiseDosProjetosGerais/repositorios/vector-im/riot-android/vector/build.gradle,25,161,Data do commit: 2017-05-02, 09:28:53,Data de lancamento da versao,2016-11-22, 00:00:00,
Android,vector-im/riot-android,/home/gabriel/Documentos/ic2/analiseDosProjetosGerais/repositorios/vector-im/riot-android/vector/build.gradle,23,627,Data do commit: 2017-05-05, 14:45:51,Data de lancamento da versao,2015-08-17, 00:00:00,
Android,vector-im/riot-android,/home/gabriel/Documentos/ic2/analiseDosProjetosGerais/repositorios/vector-im/riot-android/vector/build.gradle,25,164,Data do commit: 2017-05-05, 15:28:08,Data de lancamento da versao,2016-11-22, 00:00:00,
Android,vector-im/riot-android,/home/gabriel/Documentos/ic2/analiseDosProjetosGerais/repositorios/vector-im/riot-android/vector/build.gradle,26,125,Data do commit: 2017-10-11, 15:36:07,Data de lancamento da versao,2017-06-08, 00:00:00,
Android,vector-im/riot-android,/home/gabriel/Documentos/ic2/analiseDosProjetosGerais/repositorios/vector-im/riot-android/vector/build.gradle,25,323,Data do commit: 2017-10-11, 17:43:33,Data de lancamento da versao,2016-11-22, 00:00:00,
Android,vector-im/riot-android,/home/gabriel/Documentos/ic2/analiseDosProjetosGerais/repositorios/vector-im/riot-android/vector/build.gradle,26,126,Data do commit: 2017-10-12, 09:14:40,Data de lancamento da versao,2017-06-08, 00:00:00,
Android,vector-im/riot-android,/home/gabriel/Documentos/ic2/analiseDosProjetosGerais/repositorios/vector-im/riot-android/vector/build.gradle,25,324,Data do commit: 2017-10-12, 17:09:46,Data de lancamento da versao,2016-11-22, 00:00:00,
Android,vector-im/riot-android,/home/gabriel/Documentos/ic2/analiseDosProjetosGerais/repositorios/vector-im/riot-android/vector/build.gradle,26,127,Data do commit: 2017-10-13, 08:36:53,Data de lancamento da versao,2017-06-08, 00:00:00,
Android,vector-im/riot-android,/home/gabriel/Documentos/ic2/analiseDosProjetosGerais/repositorios/vector-im/riot-android/vector/build.gradle,25,325,Data do commit: 2017-10-13, 09:36:38,Data de lancamento da versao,2016-11-22, 00:00:00,
Android,vector-im/riot-android,/home/gabriel/Documentos/ic2/analiseDosProjetosGerais/repositorios/vector-im/riot-android/vector/build.gradle,26,127,Data do commit: 2017-10-13, 15:07:49,Data de lancamento da versao,2017-06-08, 00:00:00,
Android,vector-im/riot-android,/home/gabriel/Documentos/ic2/analiseDosProjetosGerais/repositorios/vector-im/riot-android/vector/build.gradle,25,325,Data do commit: 2017-10-13, 16:57:33,Data de lancamento da versao,2016-11-22, 00:00:00,
Android,vector-im/riot-android,/home/gabriel/Documentos/ic2/analiseDosProjetosGerais/repositorios/vector-im/riot-android/vector/build.gradle,26,129,Data do commit: 2017-10-15, 15:31:12,Data de lancamento da versao,2017-06-08, 00:00:00,
Android,vector-im/riot-android,/home/gabriel/Documentos/ic2/analiseDosProjetosGerais/repositorios/vector-im/riot-android/vector/build.gradle,25,331,Data do commit: 2017-10-19, 13:18:45,Data de lancamento da versao,2016-11-22, 00:00:00,
Android,vector-im/riot-android,/home/gabriel/Documentos/ic2/analiseDosProjetosGerais/repositorios/vector-im/riot-android/vector/build.gradle,26,137,Data do commit: 2017-10-23, 10:42:11,Data de lancamento da versao,2017-06-08, 00:00:00,
Android,vector-im/riot-android,/home/gabriel/Documentos/ic2/analiseDosProjetosGerais/repositorios/vector-im/riot-android/vector/build.gradle,25,338,Data do commit: 2017-10-26, 21:45:17,Data de lancamento da versao,2016-11-22, 00:00:00,
Android,vector-im/riot-android,/home/gabriel/Documentos/ic2/analiseDosProjetosGerais/repositorios/vector-im/riot-android/vector/build.gradle,26,151,Data do commit: 2017-11-06, 08:44:28,Data de lancamento da versao,2017-06-08, 00:00:00,
Android,vector-im/riot-android,/home/gabriel/Documentos/ic2/analiseDosProjetosGerais/repositorios/vector-im/riot-android/vector/build.gradle,25,353,Data do commit: 2017-11-10, 13:47:50,Data de lancamento da versao,2016-11-22, 00:00:00,
Android,vector-im/riot-android,/home/gabriel/Documentos/ic2/analiseDosProjetosGerais/repositorios/vector-im/riot-android/vector/build.gradle,26,158,Data do commit: 2017-11-13, 09:23:31,Data de lancamento da versao,2017-06-08, 00:00:00,
Android,vector-im/riot-android,/home/gabriel/Documentos/ic2/analiseDosProjetosGerais/repositorios/vector-im/riot-android/vector/build.gradle,25,346,Data do commit: 2017-11-03, 08:45:36,Data de lancamento da versao,2016-11-22, 00:00:00,
Android,vector-im/riot-android,/home/gabriel/Documentos/ic2/analiseDosProjetosGerais/repositorios/vector-im/riot-android/vector/build.gradle,26,160,Data do commit: 2017-11-15, 07:22:35,Data de lancamento da versao,2017-06-08, 00:00:00,
Android,vector-im/riot-android,/home/gabriel/Documentos/ic2/analiseDosProjetosGerais/repositorios/vector-im/riot-android/vector/build.gradle,25,358,Data do commit: 2017-11-15, 08:24:22,Data de lancamento da versao,2016-11-22, 00:00:00,
Android,vector-im/riot-android,/home/gabriel/Documentos/ic2/analiseDosProjetosGerais/repositorios/vector-im/riot-android/vector/build.gradle,26,160,Data do commit: 2017-11-15, 08:29:32,Data de lancamento da versao,2017-06-08, 00:00:00,
Android,vector-im/riot-android,/home/gabriel/Documentos/ic2/analiseDosProjetosGerais/repositorios/vector-im/riot-android/vector/build.gradle,25,358,Data do commit: 2017-11-15, 08:33:16,Data de lancamento da versao,2016-11-22, 00:00:00,
Android,vector-im/riot-android,/home/gabriel/Documentos/ic2/analiseDosProjetosGerais/repositorios/vector-im/riot-android/vector/build.gradle,26,160,Data do commit: 2017-11-15, 08:42:15,Data de lancamento da versao,2017-06-08, 00:00:00,
Android,vector-im/riot-android,/home/gabriel/Documentos/ic2/analiseDosProjetosGerais/repositorios/vector-im/riot-android/vector/build.gradle,27,135,Data do commit: 2018-04-19, 17:50:19,Data de lancamento da versao,2017-12-05, 00:00:00,
Android,vector-im/riot-android,/home/gabriel/Documentos/ic2/analiseDosProjetosGerais/repositorios/vector-im/riot-android/vector/build.gradle,26,315,Data do commit: 2018-04-19, 18:05:58,Data de lancamento da versao,2017-06-08, 00:00:00,
Android,vector-im/riot-android,/home/gabriel/Documentos/ic2/analiseDosProjetosGerais/repositorios/vector-im/riot-android/vector/build.gradle,27,135,Data do commit: 2018-04-19, 18:19:43,Data de lancamento da versao,2017-12-05, 00:00:00,
Android,vector-im/riot-android,/home/gabriel/Documentos/ic2/analiseDosProjetosGerais/repositorios/vector-im/riot-android/vector/build.gradle,26,315,Data do commit: 2018-04-19, 20:24:47,Data de lancamento da versao,2017-06-08, 00:00:00,
Android,vector-im/riot-android,/home/gabriel/Documentos/ic2/analiseDosProjetosGerais/repositorios/vector-im/riot-android/vector/build.gradle,27,136,Data do commit: 2018-04-20, 05:38:39,Data de lancamento da versao,2017-12-05, 00:00:00,
Android,vector-im/riot-android,/home/gabriel/Documentos/ic2/analiseDosProjetosGerais/repositorios/vector-im/riot-android/vector/build.gradle,28,239,Data do commit: 2019-03-21, 14:52:58,Data de lancamento da versao,2018-07-25, 00:00:00,
Android,vector-im/riot-android,/home/gabriel/Documentos/ic2/analiseDosProjetosGerais/repositorios/vector-im/riot-android/vector/build.gradle,27,468,Data do commit: 2019-03-18, 12:53:28,Data de lancamento da versao,2017-12-05, 00:00:00,
Android,vector-im/riot-android,/home/gabriel/Documentos/ic2/analiseDosProjetosGerais/repositorios/vector-im/riot-android/vector/build.gradle,28,243,Data do commit: 2019-03-25, 14:30:47,Data de lancamento da versao,2018-07-25, 00:00:00,
Android,yangchong211/YCShopDetailLayout,/home/gabriel/Documentos/ic2/analiseDosProjetosGerais/repositorios/yangchong211/YCShopDetailLayout/app/build.gradle,28,267,Data do commit: 2019-04-18, 19:07:11,Data de lancamento da versao,2018-07-25, 00:00:00,
Android,frostwire/frostwire,/home/gabriel/Documentos/ic2/analiseDosProjetosGerais/repositorios/frostwire/frostwire/android/build.gradle,25,0,Data do commit: 2016-11-04, 16:49:15,Data de lancamento da versao,2016-11-22, 00:00:00,
Android,frostwire/frostwire,/home/gabriel/Documentos/ic2/analiseDosProjetosGerais/repositorios/frostwire/frostwire/android/build.gradle,26,0,Data do commit: 2017-06-08, 19:19:30,Data de lancamento da versao,2017-06-08, 00:00:00,
Android,frostwire/frostwire,/home/gabriel/Documentos/ic2/analiseDosProjetosGerais/repositorios/frostwire/frostwire/android/build.gradle,25,198,Data do commit: 2017-06-08, 19:22:18,Data de lancamento da versao,2016-11-22, 00:00:00,
Android,frostwire/frostwire,/home/gabriel/Documentos/ic2/analiseDosProjetosGerais/repositorios/frostwire/frostwire/android/build.gradle,26,2,Data do commit: 2017-06-10, 12:05:21,Data de lancamento da versao,2017-06-08, 00:00:00,
Android,frostwire/frostwire,/home/gabriel/Documentos/ic2/analiseDosProjetosGerais/repositorios/frostwire/frostwire/android/build.gradle,25,200,Data do commit: 2017-06-10, 14:06:45,Data de lancamento da versao,2016-11-22, 00:00:00,
Android,frostwire/frostwire,/home/gabriel/Documentos/ic2/analiseDosProjetosGerais/repositorios/frostwire/frostwire/android/build.gradle,26,55,Data do commit: 2017-08-02, 09:39:04,Data de lancamento da versao,2017-06-08, 00:00:00,
Android,frostwire/frostwire,/home/gabriel/Documentos/ic2/analiseDosProjetosGerais/repositorios/frostwire/frostwire/android/build.gradle,27,0,Data do commit: 2017-10-26, 09:15:11,Data de lancamento da versao,2017-12-05, 00:00:00,
Android,frostwire/frostwire,/home/gabriel/Documentos/ic2/analiseDosProjetosGerais/repositorios/frostwire/frostwire/android/build.gradle,28,0,Data do commit: 2018-06-07, 13:16:59,Data de lancamento da versao,2018-07-25, 00:00:00,
Android,frostwire/frostwire,/home/gabriel/Documentos/ic2/analiseDosProjetosGerais/repositorios/frostwire/frostwire/android/build.gradle,27,184,Data do commit: 2018-06-07, 14:52:59,Data de lancamento da versao,2017-12-05, 00:00:00,
Android,frostwire/frostwire,/home/gabriel/Documentos/ic2/analiseDosProjetosGerais/repositorios/frostwire/frostwire/android/build.gradle,28,106,Data do commit: 2018-11-07, 21:07:54,Data de lancamento da versao,2018-07-25, 00:00:00,
Android,frostwire/frostwire,/home/gabriel/Documentos/ic2/analiseDosProjetosGerais/repositorios/frostwire/frostwire/android/build.gradle,27,399,Data do commit: 2019-01-07, 23:51:34,Data de lancamento da versao,2017-12-05, 00:00:00,
Android,frostwire/frostwire,/home/gabriel/Documentos/ic2/analiseDosProjetosGerais/repositorios/frostwire/frostwire/android/build.gradle,28,168,Data do commit: 2019-01-08, 22:38:40,Data de lancamento da versao,2018-07-25, 00:00:00,
Android,slymax/webview,/home/gabriel/Documentos/ic2/analiseDosProjetosGerais/repositorios/slymax/webview/app/build.gradle,28,180,Data do commit: 2019-01-21, 19:47:58,Data de lancamento da versao,2018-07-25, 00:00:00,
