nameProject,total,add,modify,delete,tipoDistinct,java,javaDistinct,properties,jar,jarDistinct,build.gradle,buildDistinct,pom.xml,pomDistinct,manifest.xml,manifestDistinct,xml,xmlDistinct,bat,batDistinct,md,adoc,read,yaml,yamlDistinct,txt,txtDistinct,sh,shDistinct,travisyml,yml,ymlDistinct,cmd,cmdDistinct,kt,ktDistinct,json,jsonDistinct,other
nssachin/poli,1,0,1,0,1,0,0,0,0,0,0,0,0,0,0,0,0,0,0,0,1,0,1,0,0,0,0,0,0,0,0,0,0,0,0,0,0,0,0
cw1427/poli,0,0,0,0,0,0,0,0,0,0,0,0,0,0,0,0,0,0,0,0,0,0,0,0,0,0,0,0,0,0,0,0,0,0,0,0,0,0,0
nemrood/poli,3,1,2,0,1,0,0,0,0,0,0,0,0,0,0,0,0,0,0,0,0,0,0,0,0,0,0,0,0,0,3,1,0,0,0,0,0,0,0
kangsoo-bit/spring-boot-student,1,1,0,0,0,0,0,0,0,0,0,0,0,0,0,0,0,0,0,0,0,0,0,0,0,0,0,0,0,0,0,0,0,0,0,0,0,0,1
liujinhua306/spring-boot-student,1,0,1,0,1,0,0,0,0,0,0,0,0,0,0,0,0,0,0,0,1,0,1,0,0,0,0,0,0,0,0,0,0,0,0,0,0,0,0
hu08093446/spring-boot-student,1,0,1,0,1,1,1,0,0,0,0,0,0,0,0,0,0,0,0,0,0,0,0,0,0,0,0,0,0,0,0,0,0,0,0,0,0,0,0
BuYi-Feng/spring-boot-student,0,0,0,0,0,0,0,0,0,0,0,0,0,0,0,0,0,0,0,0,0,0,0,0,0,0,0,0,0,0,0,0,0,0,0,0,0,0,0
sniperZj/spring-boot-student,0,0,0,0,0,0,0,0,0,0,0,0,0,0,0,0,0,0,0,0,0,0,0,0,0,0,0,0,0,0,0,0,0,0,0,0,0,0,0
graice2013/Activiti,950,939,11,0,30,233,233,4,1,1,0,0,8,8,0,0,14,14,0,0,2,0,2,0,0,3,3,2,2,0,0,0,0,0,0,0,14,14,677
shanghai-malls/Activiti,1,1,0,0,1,0,0,0,0,0,0,0,0,0,0,0,0,0,0,0,0,0,0,0,0,0,0,0,0,0,1,1,0,0,0,0,0,0,0
itdevsamurai/Activiti,881,496,296,89,7,749,495,8,0,0,0,0,96,33,0,0,107,44,0,0,3,0,3,0,0,0,0,0,0,1,0,0,0,0,0,0,0,0,14
sqmwin/Activiti,44,17,27,0,3,25,25,0,0,0,0,0,2,2,0,0,4,4,0,0,0,0,0,0,0,0,0,0,0,0,0,0,0,0,0,0,0,0,15
mysonhushu/Activiti,44,17,27,0,3,25,25,0,0,0,0,0,2,2,0,0,4,4,0,0,0,0,0,0,0,0,0,0,0,0,0,0,0,0,0,0,0,0,15
mglslg/Activiti,44,17,27,0,3,25,25,0,0,0,0,0,2,2,0,0,4,4,0,0,0,0,0,0,0,0,0,0,0,0,0,0,0,0,0,0,0,0,15
marxy/Activiti,44,17,27,0,3,25,25,0,0,0,0,0,2,2,0,0,4,4,0,0,0,0,0,0,0,0,0,0,0,0,0,0,0,0,0,0,0,0,15
rbonifacio/Activiti,50,0,50,0,1,0,0,0,0,0,0,0,50,25,0,0,50,25,0,0,0,0,0,0,0,0,0,0,0,0,0,0,0,0,0,0,0,0,0
FRANDAVID/Activiti,50,0,50,0,1,0,0,0,0,0,0,0,50,25,0,0,50,25,0,0,0,0,0,0,0,0,0,0,0,0,0,0,0,0,0,0,0,0,0
Jaryli/Activiti,50,0,50,0,1,0,0,0,0,0,0,0,50,25,0,0,50,25,0,0,0,0,0,0,0,0,0,0,0,0,0,0,0,0,0,0,0,0,0
GuYBTFL/Activiti,50,0,50,0,1,0,0,0,0,0,0,0,50,25,0,0,50,25,0,0,0,0,0,0,0,0,0,0,0,0,0,0,0,0,0,0,0,0,0
zhaozhhtiger/Activiti,50,0,50,0,1,0,0,0,0,0,0,0,50,25,0,0,50,25,0,0,0,0,0,0,0,0,0,0,0,0,0,0,0,0,0,0,0,0,0
sgbluebird/Activiti,50,0,50,0,1,0,0,0,0,0,0,0,50,25,0,0,50,25,0,0,0,0,0,0,0,0,0,0,0,0,0,0,0,0,0,0,0,0,0
276030466/Activiti,50,0,50,0,1,0,0,0,0,0,0,0,50,25,0,0,50,25,0,0,0,0,0,0,0,0,0,0,0,0,0,0,0,0,0,0,0,0,0
Bytesu/Activiti,1,1,0,0,1,0,0,0,0,0,0,0,0,0,0,0,1,1,0,0,0,0,0,0,0,0,0,0,0,0,0,0,0,0,0,0,0,0,0
canjian215215/Activiti,0,0,0,0,0,0,0,0,0,0,0,0,0,0,0,0,0,0,0,0,0,0,0,0,0,0,0,0,0,0,0,0,0,0,0,0,0,0,0
abdotalaat/Activiti,33,0,33,0,1,33,33,0,0,0,0,0,0,0,0,0,0,0,0,0,0,0,0,0,0,0,0,0,0,0,0,0,0,0,0,0,0,0,0
7vqinqiwei/Activiti,0,0,0,0,0,0,0,0,0,0,0,0,0,0,0,0,0,0,0,0,0,0,0,0,0,0,0,0,0,0,0,0,0,0,0,0,0,0,0
mxassis/Activiti,8,2,5,1,0,0,0,0,0,0,0,0,0,0,0,0,0,0,0,0,0,0,0,0,0,0,0,0,0,0,0,0,0,0,0,0,0,0,8
greenhills163/Activiti,0,0,0,0,0,0,0,0,0,0,0,0,0,0,0,0,0,0,0,0,0,0,0,0,0,0,0,0,0,0,0,0,0,0,0,0,0,0,0
grogdj/Activiti,2587,381,2197,9,17,1180,553,8,0,0,0,0,773,52,0,0,1117,262,0,0,2,58,60,0,0,4,1,6,6,0,1,1,0,0,0,0,7,4,204
Amaravadishk/Activiti,4,2,0,2,1,0,0,0,0,0,0,0,0,0,0,0,0,0,0,0,0,0,0,0,0,4,2,0,0,0,0,0,0,0,0,0,0,0,0
johnsblatter/Activiti,2,0,2,0,1,0,0,0,0,0,0,0,0,0,0,0,0,0,0,0,2,0,2,0,0,0,0,0,0,0,0,0,0,0,0,0,0,0,0
haishangqishi/Activiti,5502,5502,0,0,48,2943,2943,41,2,2,0,0,51,51,0,0,1238,1238,1,1,3,21,24,0,0,5,5,12,12,0,1,1,0,0,0,0,26,26,1209
gotemkr/Activiti,34,8,26,0,3,26,16,0,0,0,0,0,0,0,0,0,6,6,0,0,0,0,0,0,0,0,0,0,0,0,0,0,0,0,0,0,2,1,0
adohe/Activiti,28,0,28,0,1,28,28,0,0,0,0,0,0,0,0,0,0,0,0,0,0,0,0,0,0,0,0,0,0,0,0,0,0,0,0,0,0,0,0
erdemedeiros/Activiti,1,1,0,0,1,0,0,0,0,0,0,0,0,0,0,0,0,0,0,0,1,0,1,0,0,0,0,0,0,0,0,0,0,0,0,0,0,0,0
kenjiuno/Activiti,2,0,1,1,1,0,0,0,0,0,0,0,0,0,0,0,0,0,0,0,2,0,2,0,0,0,0,0,0,0,0,0,0,0,0,0,0,0,0
deanwong/Activiti,6,2,4,0,2,5,5,0,0,0,0,0,0,0,0,0,1,1,0,0,0,0,0,0,0,0,0,0,0,0,0,0,0,0,0,0,0,0,0
miaojf/Activiti,4,1,3,0,1,0,0,0,0,0,0,0,0,0,0,0,0,0,0,0,0,0,0,0,0,0,0,0,0,0,0,0,0,0,0,0,0,0,4
guaxinim/Activiti,3,2,1,0,3,1,1,0,0,0,0,0,1,1,0,0,1,1,0,0,0,0,0,0,0,0,0,0,0,0,0,0,0,0,0,0,0,0,1
gdyangyu/Activiti,20,11,7,2,2,12,10,0,0,0,0,0,8,3,0,0,8,3,0,0,0,0,0,0,0,0,0,0,0,0,0,0,0,0,0,0,0,0,0
vladare/Activiti,8,1,5,2,2,0,0,4,0,0,0,0,0,0,0,0,4,4,0,0,0,0,0,0,0,0,0,0,0,0,0,0,0,0,0,0,0,0,0
suttermichael/Activiti,5,0,5,0,1,5,4,0,0,0,0,0,0,0,0,0,0,0,0,0,0,0,0,0,0,0,0,0,0,0,0,0,0,0,0,0,0,0,0
zhaoml529/Activiti,1,0,1,0,1,1,1,0,0,0,0,0,0,0,0,0,0,0,0,0,0,0,0,0,0,0,0,0,0,0,0,0,0,0,0,0,0,0,0
cng1985/Activiti,1,1,0,0,1,0,0,0,0,0,0,0,0,0,0,0,0,0,0,0,0,0,0,0,0,0,0,0,0,0,1,1,0,0,0,0,0,0,0
caoym/Activiti-pq-jsonb,12,2,10,0,3,7,7,0,0,0,0,0,1,1,0,0,3,3,0,0,2,0,2,0,0,0,0,0,0,0,0,0,0,0,0,0,0,0,0
cnwolffy/Activiti,0,0,0,0,0,0,0,0,0,0,0,0,0,0,0,0,0,0,0,0,0,0,0,0,0,0,0,0,0,0,0,0,0,0,0,0,0,0,0
alirezamirian/Activiti,10,2,8,0,2,9,5,0,0,0,0,0,0,0,0,0,0,0,0,0,0,0,0,0,0,0,0,0,0,0,0,0,0,0,0,0,1,1,0
spille/Activiti,10,1,9,0,3,7,7,0,0,0,0,0,2,2,0,0,2,2,0,0,0,0,0,0,0,0,0,0,0,0,0,0,0,0,0,0,0,0,1
ddpardo/Activiti,0,0,0,0,0,0,0,0,0,0,0,0,0,0,0,0,0,0,0,0,0,0,0,0,0,0,0,0,0,0,0,0,0,0,0,0,0,0,0
linjiarong/Activiti,0,0,0,0,0,0,0,0,0,0,0,0,0,0,0,0,0,0,0,0,0,0,0,0,0,0,0,0,0,0,0,0,0,0,0,0,0,0,0
chrisrobbo/Activiti,1,0,1,0,1,1,1,0,0,0,0,0,0,0,0,0,0,0,0,0,0,0,0,0,0,0,0,0,0,0,0,0,0,0,0,0,0,0,0
Brunall/Activiti,1,1,0,0,1,0,0,0,0,0,0,0,0,0,0,0,1,1,0,0,0,0,0,0,0,0,0,0,0,0,0,0,0,0,0,0,0,0,0
ghnat/Activiti,1,0,1,0,1,1,1,0,0,0,0,0,0,0,0,0,0,0,0,0,0,0,0,0,0,0,0,0,0,0,0,0,0,0,0,0,0,0,0
vangogh-ken/Activiti,0,0,0,0,0,0,0,0,0,0,0,0,0,0,0,0,0,0,0,0,0,0,0,0,0,0,0,0,0,0,0,0,0,0,0,0,0,0,0
alansastre/Activiti,11,0,11,0,1,0,0,0,0,0,0,0,11,3,0,0,11,3,0,0,0,0,0,0,0,0,0,0,0,0,0,0,0,0,0,0,0,0,0
hnccho/Activiti,0,0,0,0,0,0,0,0,0,0,0,0,0,0,0,0,0,0,0,0,0,0,0,0,0,0,0,0,0,0,0,0,0,0,0,0,0,0,0
lantorandria/Activiti,12,2,10,0,1,0,0,0,0,0,0,0,0,0,0,0,12,2,0,0,0,0,0,0,0,0,0,0,0,0,0,0,0,0,0,0,0,0,0
xrsc/Activiti,2,0,2,0,1,0,0,0,0,0,0,0,2,2,0,0,2,2,0,0,0,0,0,0,0,0,0,0,0,0,0,0,0,0,0,0,0,0,0
rpopa/Activiti,0,0,0,0,0,0,0,0,0,0,0,0,0,0,0,0,0,0,0,0,0,0,0,0,0,0,0,0,0,0,0,0,0,0,0,0,0,0,0
markvt78/Activiti,2,2,0,0,1,0,0,0,0,0,0,0,0,0,0,0,0,0,0,0,0,0,0,0,0,0,0,0,0,0,0,0,0,0,0,0,0,0,2
yuyonglucky/Activiti,0,0,0,0,0,0,0,0,0,0,0,0,0,0,0,0,0,0,0,0,0,0,0,0,0,0,0,0,0,0,0,0,0,0,0,0,0,0,0
bpupadhyaya/Activiti,5,2,3,0,1,0,0,0,0,0,0,0,0,0,0,0,0,0,0,0,0,0,0,0,0,0,0,5,4,0,0,0,0,0,0,0,0,0,0
hycom-hybris/Activiti,25,12,11,2,4,19,17,2,0,0,0,0,3,3,0,0,3,3,0,0,0,0,0,0,0,0,0,0,0,0,0,0,0,0,0,0,0,0,1
charlesheidemann/Activiti,4,0,3,1,3,1,1,0,0,0,0,0,2,1,0,0,2,1,0,0,0,0,0,0,0,0,0,0,0,0,0,0,0,0,0,0,0,0,1
padmaragl/Activiti,4,1,3,0,3,2,2,0,0,0,0,0,1,1,0,0,1,1,0,0,0,0,0,0,0,0,0,0,0,0,0,0,0,0,0,0,0,0,1
lewis-ing/Activiti,1,1,0,0,1,0,0,0,0,0,0,0,0,0,0,0,1,1,0,0,0,0,0,0,0,0,0,0,0,0,0,0,0,0,0,0,0,0,0
SnowyOwl-KHY/Activiti,0,0,0,0,0,0,0,0,0,0,0,0,0,0,0,0,0,0,0,0,0,0,0,0,0,0,0,0,0,0,0,0,0,0,0,0,0,0,0
allbegray/Activiti,0,0,0,0,0,0,0,0,0,0,0,0,0,0,0,0,0,0,0,0,0,0,0,0,0,0,0,0,0,0,0,0,0,0,0,0,0,0,0
pmesmeur/Activiti,1,0,1,0,1,1,1,0,0,0,0,0,0,0,0,0,0,0,0,0,0,0,0,0,0,0,0,0,0,0,0,0,0,0,0,0,0,0,0
marstianna/Activiti,4,0,4,0,2,3,3,0,0,0,0,0,1,1,0,0,1,1,0,0,0,0,0,0,0,0,0,0,0,0,0,0,0,0,0,0,0,0,0
reva/Activiti,26,0,26,0,2,1,1,0,0,0,0,0,0,0,0,0,25,25,0,0,0,0,0,0,0,0,0,0,0,0,0,0,0,0,0,0,0,0,0
gtx1049/Activiti,3,2,1,0,1,3,2,0,0,0,0,0,0,0,0,0,0,0,0,0,0,0,0,0,0,0,0,0,0,0,0,0,0,0,0,0,0,0,0
deliver8r/Activiti,0,0,0,0,0,0,0,0,0,0,0,0,0,0,0,0,0,0,0,0,0,0,0,0,0,0,0,0,0,0,0,0,0,0,0,0,0,0,0
zhangwei5095/Activiti,0,0,0,0,0,0,0,0,0,0,0,0,0,0,0,0,0,0,0,0,0,0,0,0,0,0,0,0,0,0,0,0,0,0,0,0,0,0,0
worthyl/Activiti,0,0,0,0,0,0,0,0,0,0,0,0,0,0,0,0,0,0,0,0,0,0,0,0,0,0,0,0,0,0,0,0,0,0,0,0,0,0,0
vasiledirla/Activiti,0,0,0,0,0,0,0,0,0,0,0,0,0,0,0,0,0,0,0,0,0,0,0,0,0,0,0,0,0,0,0,0,0,0,0,0,0,0,0
jphuynh/Activiti,5,0,5,0,1,0,0,0,0,0,0,0,5,4,0,0,5,4,0,0,0,0,0,0,0,0,0,0,0,0,0,0,0,0,0,0,0,0,0
eugenehr/Activiti,7,1,6,0,1,7,5,0,0,0,0,0,0,0,0,0,0,0,0,0,0,0,0,0,0,0,0,0,0,0,0,0,0,0,0,0,0,0,0
PointIO/Activiti,59,0,59,0,3,31,12,0,0,0,0,0,0,0,0,0,20,4,0,0,0,0,0,0,0,0,0,0,0,0,0,0,0,0,0,0,0,0,8
cheleb/Activiti,2,0,2,0,1,2,2,0,0,0,0,0,0,0,0,0,0,0,0,0,0,0,0,0,0,0,0,0,0,0,0,0,0,0,0,0,0,0,0
visep/Activiti,0,0,0,0,0,0,0,0,0,0,0,0,0,0,0,0,0,0,0,0,0,0,0,0,0,0,0,0,0,0,0,0,0,0,0,0,0,0,0
cdeneux/Activiti,405,32,359,14,6,153,26,0,0,0,0,0,196,8,0,0,209,12,0,0,0,0,0,0,0,0,0,0,0,0,0,0,0,0,0,0,0,0,43
laurents59/Activiti,3,0,3,0,1,3,2,0,0,0,0,0,0,0,0,0,0,0,0,0,0,0,0,0,0,0,0,0,0,0,0,0,0,0,0,0,0,0,0
tiancheng2000/Activiti,1,0,1,0,1,0,0,0,0,0,0,0,0,0,0,0,1,1,0,0,0,0,0,0,0,0,0,0,0,0,0,0,0,0,0,0,0,0,0
edgarcDev/Activiti,0,0,0,0,0,0,0,0,0,0,0,0,0,0,0,0,0,0,0,0,0,0,0,0,0,0,0,0,0,0,0,0,0,0,0,0,0,0,0
netflash/Activiti,1,0,1,0,1,1,1,0,0,0,0,0,0,0,0,0,0,0,0,0,0,0,0,0,0,0,0,0,0,0,0,0,0,0,0,0,0,0,0
flashboss/Activiti,0,0,0,0,0,0,0,0,0,0,0,0,0,0,0,0,0,0,0,0,0,0,0,0,0,0,0,0,0,0,0,0,0,0,0,0,0,0,0
sdegenaar/Activiti,74,37,37,0,10,0,0,0,0,0,0,0,0,0,0,0,0,0,0,0,0,0,0,0,0,1,1,0,0,0,0,0,0,0,0,0,2,2,71
colinstonema/Activiti,2447,504,664,1279,40,760,760,5,2,2,0,0,46,46,0,0,163,163,0,0,4,21,25,0,0,9,9,4,4,0,0,0,0,0,0,0,15,15,1464
robhafner/Activiti,2,0,2,0,1,2,2,0,0,0,0,0,0,0,0,0,0,0,0,0,0,0,0,0,0,0,0,0,0,0,0,0,0,0,0,0,0,0,0
shiliyan/Activiti,2311,0,0,2311,14,1330,1330,3,0,0,0,0,1,1,0,0,680,680,0,0,0,0,0,0,0,0,0,0,0,0,0,0,0,0,0,0,0,0,298
work0120/Activiti,0,0,0,0,0,0,0,0,0,0,0,0,0,0,0,0,0,0,0,0,0,0,0,0,0,0,0,0,0,0,0,0,0,0,0,0,0,0,0
aucampia/Activiti,27,0,27,0,2,2,2,0,0,0,0,0,25,25,0,0,25,25,0,0,0,0,0,0,0,0,0,0,0,0,0,0,0,0,0,0,0,0,0
singhalamitkr/Activiti,253,114,138,1,5,130,129,0,0,0,0,0,1,1,0,0,24,24,0,0,0,0,0,0,0,0,0,0,0,0,0,0,0,0,0,0,0,0,99
brig/Activiti,8,0,8,0,2,6,6,0,0,0,0,0,0,0,0,0,2,2,0,0,0,0,0,0,0,0,0,0,0,0,0,0,0,0,0,0,0,0,0
ddefrance/Activiti,42,7,35,0,2,39,19,0,0,0,0,0,3,1,0,0,3,1,0,0,0,0,0,0,0,0,0,0,0,0,0,0,0,0,0,0,0,0,0
eduardoraupp/Activiti,19,7,12,0,1,19,19,0,0,0,0,0,0,0,0,0,0,0,0,0,0,0,0,0,0,0,0,0,0,0,0,0,0,0,0,0,0,0,0
saeidrastak/Activiti,2,0,2,0,1,2,2,0,0,0,0,0,0,0,0,0,0,0,0,0,0,0,0,0,0,0,0,0,0,0,0,0,0,0,0,0,0,0,0
dgit-hub/Activiti,317,0,317,0,4,8,7,0,0,0,0,0,238,45,0,0,238,45,0,0,0,0,0,0,0,0,0,0,0,0,0,0,0,0,0,0,0,0,71
klwork/Activiti,1,0,1,0,1,0,0,0,0,0,0,0,0,0,0,0,0,0,0,0,1,0,1,0,0,0,0,0,0,0,0,0,0,0,0,0,0,0,0
kirpi4ik/Activiti,1,0,1,0,1,1,1,0,0,0,0,0,0,0,0,0,0,0,0,0,0,0,0,0,0,0,0,0,0,0,0,0,0,0,0,0,0,0,0
feike-unit/Activiti,1,0,1,0,1,1,1,0,0,0,0,0,0,0,0,0,0,0,0,0,0,0,0,0,0,0,0,0,0,0,0,0,0,0,0,0,0,0,0
gkatkov/Activiti,46,0,46,0,1,46,23,0,0,0,0,0,0,0,0,0,0,0,0,0,0,0,0,0,0,0,0,0,0,0,0,0,0,0,0,0,0,0,0
sleeperor/Activiti,1,0,1,0,1,0,0,0,0,0,0,0,1,1,0,0,1,1,0,0,0,0,0,0,0,0,0,0,0,0,0,0,0,0,0,0,0,0,0
rahulbhatt04/Activiti,1,0,1,0,1,1,1,0,0,0,0,0,0,0,0,0,0,0,0,0,0,0,0,0,0,0,0,0,0,0,0,0,0,0,0,0,0,0,0
ddweerasiri/Activiti,2,0,2,0,2,0,0,0,0,0,0,0,0,0,0,0,0,0,0,0,0,0,0,0,0,0,0,0,0,0,0,0,0,0,0,0,1,1,1
langfr/Activiti,8,6,2,0,2,2,2,0,0,0,0,0,0,0,0,0,0,0,0,0,0,0,0,0,0,0,0,0,0,0,0,0,0,0,0,0,0,0,6
koncz314/Activiti,254,72,179,3,3,250,164,0,0,0,0,0,2,2,0,0,3,3,0,0,0,0,0,0,0,0,0,0,0,0,0,0,0,0,0,0,0,0,1
MPriess/Activiti,1,0,1,0,1,0,0,0,0,0,0,0,0,0,0,0,1,1,0,0,0,0,0,0,0,0,0,0,0,0,0,0,0,0,0,0,0,0,0
tomasz-skonieczny-amg-net/Activiti,164,9,154,1,9,98,49,2,0,0,0,0,32,21,0,0,43,26,0,0,2,0,2,0,0,0,0,0,0,0,0,0,0,0,0,0,7,1,12
schalmers/Activiti,1,0,1,0,1,1,1,0,0,0,0,0,0,0,0,0,0,0,0,0,0,0,0,0,0,0,0,0,0,0,0,0,0,0,0,0,0,0,0
xlz926/Activiti,1881,1280,213,388,28,129,62,21,0,0,0,0,14,7,0,0,51,24,1,1,10,0,10,0,0,5,4,0,0,0,0,0,0,0,0,0,5,3,1659
aaronhuangcn/Activiti,18,2,16,0,2,17,15,0,0,0,0,0,0,0,0,0,1,1,0,0,0,0,0,0,0,0,0,0,0,0,0,0,0,0,0,0,0,0,0
yongchun/Activiti,1,0,1,0,1,1,1,0,0,0,0,0,0,0,0,0,0,0,0,0,0,0,0,0,0,0,0,0,0,0,0,0,0,0,0,0,0,0,0
bzim/Activiti,1,0,1,0,1,1,1,0,0,0,0,0,0,0,0,0,0,0,0,0,0,0,0,0,0,0,0,0,0,0,0,0,0,0,0,0,0,0,0
martin-grofcik/Activiti,33,0,33,0,2,23,11,0,0,0,0,0,0,0,0,0,10,5,0,0,0,0,0,0,0,0,0,0,0,0,0,0,0,0,0,0,0,0,0
dmitryfar/Activiti,0,0,0,0,0,0,0,0,0,0,0,0,0,0,0,0,0,0,0,0,0,0,0,0,0,0,0,0,0,0,0,0,0,0,0,0,0,0,0
wsalembi/Activiti,7,5,2,0,2,4,4,0,0,0,0,0,1,1,0,0,3,3,0,0,0,0,0,0,0,0,0,0,0,0,0,0,0,0,0,0,0,0,0
kledzion/Activiti,35,7,28,0,4,16,13,0,0,0,0,0,10,1,0,0,14,5,0,0,0,0,0,0,0,0,0,0,0,0,0,0,0,0,0,0,2,1,3
hilmialyaz/Activiti,1518,1161,341,16,10,1364,1149,41,0,0,0,0,10,4,0,0,52,22,0,0,0,0,0,0,0,4,4,0,0,0,0,0,0,0,0,0,0,0,57
xuhuisheng/Activiti,329,213,114,2,6,0,0,0,1,1,0,0,0,0,0,0,130,22,0,0,0,0,0,0,0,0,0,0,0,0,0,0,0,0,0,0,0,0,198
tstephen/Activiti,3,0,3,0,1,3,3,0,0,0,0,0,0,0,0,0,0,0,0,0,0,0,0,0,0,0,0,0,0,0,0,0,0,0,0,0,0,0,0
emdev-limited/Activiti,4478,1350,1445,1683,49,2035,2016,21,2,2,0,0,98,52,0,0,672,626,0,0,3,21,24,0,0,10,10,9,9,0,1,1,0,0,0,0,23,23,1681
robinZhao/Activiti,2,0,2,0,2,1,1,0,0,0,0,0,0,0,0,0,1,1,0,0,0,0,0,0,0,0,0,0,0,0,0,0,0,0,0,0,0,0,0
tungSing/Activiti,14,0,14,0,2,9,8,0,0,0,0,0,0,0,0,0,5,5,0,0,0,0,0,0,0,0,0,0,0,0,0,0,0,0,0,0,0,0,0
shimne/Activiti,13,0,13,0,2,8,7,0,0,0,0,0,0,0,0,0,5,5,0,0,0,0,0,0,0,0,0,0,0,0,0,0,0,0,0,0,0,0,0
hehuafu/Activiti,13,0,13,0,2,8,7,0,0,0,0,0,0,0,0,0,5,5,0,0,0,0,0,0,0,0,0,0,0,0,0,0,0,0,0,0,0,0,0
tlipski/Activiti,63,25,36,2,3,28,20,6,0,0,0,0,5,2,0,0,29,10,0,0,0,0,0,0,0,0,0,0,0,0,0,0,0,0,0,0,0,0,0
gemvara/Activiti,4,0,4,0,1,4,4,0,0,0,0,0,0,0,0,0,0,0,0,0,0,0,0,0,0,0,0,0,0,0,0,0,0,0,0,0,0,0,0
ideavat/Activiti,12,0,12,0,2,6,4,0,0,0,0,0,0,0,0,0,0,0,0,0,0,0,0,0,0,0,0,0,0,0,0,0,0,0,0,0,0,0,6
foamflower2/Activiti,12,0,12,0,3,5,5,0,0,0,0,0,0,0,0,0,1,1,0,0,0,0,0,0,0,0,0,0,0,0,0,0,0,0,0,0,0,0,6
f-lombardo/Activiti,8,2,6,0,1,8,4,0,0,0,0,0,0,0,0,0,0,0,0,0,0,0,0,0,0,0,0,0,0,0,0,0,0,0,0,0,0,0,0
fwachs/Activiti,1,0,1,0,1,1,1,0,0,0,0,0,0,0,0,0,0,0,0,0,0,0,0,0,0,0,0,0,0,0,0,0,0,0,0,0,0,0,0
yuanqixun/Activiti,1,0,1,0,1,1,1,0,0,0,0,0,0,0,0,0,0,0,0,0,0,0,0,0,0,0,0,0,0,0,0,0,0,0,0,0,0,0,0
camunda/fox-engine,329,27,302,0,6,148,106,1,0,0,0,0,100,12,0,0,139,45,0,0,1,0,1,0,0,0,0,0,0,0,0,0,0,0,0,0,0,0,40
jorgheymans/Activiti,87,1,84,2,3,78,78,1,0,0,0,0,7,4,0,0,8,5,0,0,0,0,0,0,0,0,0,0,0,0,0,0,0,0,0,0,0,0,0
gavin2lee/spring-security-oauth,12,0,12,0,4,3,3,3,0,0,0,0,2,2,0,0,2,2,0,0,0,0,0,0,0,0,0,0,0,0,0,0,0,0,0,0,0,0,4
alxdrlitreev/spring-security-oauth,1,0,1,0,1,1,1,0,0,0,0,0,0,0,0,0,0,0,0,0,0,0,0,0,0,0,0,0,0,0,0,0,0,0,0,0,0,0,0
Grubhart/spring-security-oauth,2,0,2,0,2,0,0,0,0,0,0,0,1,1,0,0,1,1,0,0,1,0,1,0,0,0,0,0,0,0,0,0,0,0,0,0,0,0,0
vipup/spring-security-oauth,8,0,8,0,2,0,0,0,0,0,0,0,2,2,0,0,2,2,0,0,0,0,0,0,0,0,0,0,0,0,0,0,0,0,0,0,0,0,6
michael-pratt/spring-security-oauth,2,0,2,0,1,2,2,0,0,0,0,0,0,0,0,0,0,0,0,0,0,0,0,0,0,0,0,0,0,0,0,0,0,0,0,0,0,0,0
LukasVyhlidka/spring-security-oauth,3,0,3,0,1,3,3,0,0,0,0,0,0,0,0,0,0,0,0,0,0,0,0,0,0,0,0,0,0,0,0,0,0,0,0,0,0,0,0
little-cui/spring-security-oauth,5,0,5,0,1,0,0,0,0,0,0,0,0,0,0,0,0,0,0,0,0,0,0,0,0,0,0,0,0,0,0,0,0,0,0,0,0,0,5
tomvandenberge/spring-security-oauth,2,0,2,0,1,2,2,0,0,0,0,0,0,0,0,0,0,0,0,0,0,0,0,0,0,0,0,0,0,0,0,0,0,0,0,0,0,0,0
connieho15/spring-security-oauth,1,0,1,0,1,1,1,0,0,0,0,0,0,0,0,0,0,0,0,0,0,0,0,0,0,0,0,0,0,0,0,0,0,0,0,0,0,0,0
phrinx/spring-security-oauth,2,0,2,0,1,2,2,0,0,0,0,0,0,0,0,0,0,0,0,0,0,0,0,0,0,0,0,0,0,0,0,0,0,0,0,0,0,0,0
yangyunfeng666/spring-security-oauth,12,0,12,0,6,5,5,1,0,0,0,0,3,2,0,0,3,2,0,0,1,0,1,0,0,0,0,0,0,0,0,0,0,0,0,0,0,0,2
masm22/spring-security-oauth,3,0,3,0,1,3,2,0,0,0,0,0,0,0,0,0,0,0,0,0,0,0,0,0,0,0,0,0,0,0,0,0,0,0,0,0,0,0,0
micd/spring-security-oauth,3,1,2,0,1,3,2,0,0,0,0,0,0,0,0,0,0,0,0,0,0,0,0,0,0,0,0,0,0,0,0,0,0,0,0,0,0,0,0
g-u-a-n/spring-security-oauth,1,0,1,0,1,1,1,0,0,0,0,0,0,0,0,0,0,0,0,0,0,0,0,0,0,0,0,0,0,0,0,0,0,0,0,0,0,0,0
fcrespel/spring-security-oauth,2,0,2,0,1,2,2,0,0,0,0,0,0,0,0,0,0,0,0,0,0,0,0,0,0,0,0,0,0,0,0,0,0,0,0,0,0,0,0
jcpretorius/spring-security-oauth,2,0,2,0,1,2,1,0,0,0,0,0,0,0,0,0,0,0,0,0,0,0,0,0,0,0,0,0,0,0,0,0,0,0,0,0,0,0,0
andye2004/spring-security-oauth,9,4,5,0,1,9,8,0,0,0,0,0,0,0,0,0,0,0,0,0,0,0,0,0,0,0,0,0,0,0,0,0,0,0,0,0,0,0,0
sheiy/spring-security-oauth,6,0,6,0,1,6,3,0,0,0,0,0,0,0,0,0,0,0,0,0,0,0,0,0,0,0,0,0,0,0,0,0,0,0,0,0,0,0,0
wuguanling99/spring-security-oauth,4,0,4,0,1,0,0,0,0,0,0,0,0,0,0,0,0,0,0,0,4,0,4,0,0,0,0,0,0,0,0,0,0,0,0,0,0,0,0
alhudson/spring-security-oauth,3,0,3,0,1,3,1,0,0,0,0,0,0,0,0,0,0,0,0,0,0,0,0,0,0,0,0,0,0,0,0,0,0,0,0,0,0,0,0
bigbaldy1128/spring-security-oauth,2,0,2,0,1,2,1,0,0,0,0,0,0,0,0,0,0,0,0,0,0,0,0,0,0,0,0,0,0,0,0,0,0,0,0,0,0,0,0
Jamesxu182/spring-security-oauth,3,0,3,0,1,3,3,0,0,0,0,0,0,0,0,0,0,0,0,0,0,0,0,0,0,0,0,0,0,0,0,0,0,0,0,0,0,0,0
ADSanMu/spring-security-oauth-1,4,0,4,0,1,0,0,0,0,0,0,0,0,0,0,0,0,0,0,0,4,0,4,0,0,0,0,0,0,0,0,0,0,0,0,0,0,0,0
kuldeepsidhu88/spring-security-oauth,6,0,6,0,1,0,0,0,0,0,0,0,0,0,0,0,0,0,0,0,6,0,6,0,0,0,0,0,0,0,0,0,0,0,0,0,0,0,0
s4kas/spring-security-oauth,7,3,4,0,3,4,4,0,0,0,0,0,0,0,0,0,0,0,0,0,2,0,2,0,0,0,0,0,0,0,1,1,0,0,0,0,0,0,0
boojongmin/spring-security-oauth,1,0,1,0,1,0,0,0,0,0,0,0,0,0,0,0,0,0,0,0,1,0,1,0,0,0,0,0,0,0,0,0,0,0,0,0,0,0,0
Captain-P-Goldfish/spring-security-oauth,1,0,1,0,1,1,1,0,0,0,0,0,0,0,0,0,0,0,0,0,0,0,0,0,0,0,0,0,0,0,0,0,0,0,0,0,0,0,0
kiyoung-Lee/spring-security-oauth,5,0,5,0,2,2,2,3,0,0,0,0,0,0,0,0,0,0,0,0,0,0,0,0,0,0,0,0,0,0,0,0,0,0,0,0,0,0,0
senkum/spring-security-oauth,4,0,4,0,1,4,2,0,0,0,0,0,0,0,0,0,0,0,0,0,0,0,0,0,0,0,0,0,0,0,0,0,0,0,0,0,0,0,0
imgx64/spring-security-oauth,3,0,3,0,1,3,3,0,0,0,0,0,0,0,0,0,0,0,0,0,0,0,0,0,0,0,0,0,0,0,0,0,0,0,0,0,0,0,0
wwjiang007/spring-security-oauth,0,0,0,0,0,0,0,0,0,0,0,0,0,0,0,0,0,0,0,0,0,0,0,0,0,0,0,0,0,0,0,0,0,0,0,0,0,0,0
kuzjka/spring-security-oauth,1,0,1,0,1,0,0,0,0,0,0,0,0,0,0,0,0,0,0,0,1,0,1,0,0,0,0,0,0,0,0,0,0,0,0,0,0,0,0
david-noel/spring-security-oauth,2,0,2,0,1,2,1,0,0,0,0,0,0,0,0,0,0,0,0,0,0,0,0,0,0,0,0,0,0,0,0,0,0,0,0,0,0,0,0
bishoybasily/spring-security-oauth,1,0,1,0,1,0,0,0,0,0,0,0,1,1,0,0,1,1,0,0,0,0,0,0,0,0,0,0,0,0,0,0,0,0,0,0,0,0,0
soulmachine/spring-security-oauth,2,0,2,0,2,1,1,0,0,0,0,0,1,1,0,0,1,1,0,0,0,0,0,0,0,0,0,0,0,0,0,0,0,0,0,0,0,0,0
matbrighi/spring-security-oauth,1,0,1,0,1,1,1,0,0,0,0,0,0,0,0,0,0,0,0,0,0,0,0,0,0,0,0,0,0,0,0,0,0,0,0,0,0,0,0
pzhao12flakyreplay/spring-security-oauth,18,0,17,1,1,18,18,0,0,0,0,0,0,0,0,0,0,0,0,0,0,0,0,0,0,0,0,0,0,0,0,0,0,0,0,0,0,0,0
pzhao12teste/spring-security-oauth,436,28,380,28,3,152,36,0,0,0,0,0,278,35,0,0,278,35,0,0,0,0,0,0,0,0,0,0,0,6,0,0,0,0,0,0,0,0,6
pzhao12testd/spring-security-oauth,872,56,760,56,3,304,36,0,0,0,0,0,556,35,0,0,556,35,0,0,0,0,0,0,0,0,0,0,0,12,0,0,0,0,0,0,0,0,12
pzhao12testc/spring-security-oauth,436,28,380,28,3,152,36,0,0,0,0,0,278,35,0,0,278,35,0,0,0,0,0,0,0,0,0,0,0,6,0,0,0,0,0,0,0,0,6
pzhao12testb/spring-security-oauth,218,14,190,14,3,76,36,0,0,0,0,0,139,35,0,0,139,35,0,0,0,0,0,0,0,0,0,0,0,3,0,0,0,0,0,0,0,0,3
pzhao12testa/spring-security-oauth,218,14,190,14,3,76,36,0,0,0,0,0,139,35,0,0,139,35,0,0,0,0,0,0,0,0,0,0,0,3,0,0,0,0,0,0,0,0,3
SystemOutPrint/spring-security-oauth,3,0,3,0,2,0,0,0,0,0,0,0,2,2,0,0,2,2,0,0,0,0,0,0,0,0,0,0,0,0,0,0,0,0,0,0,0,0,1
ErkoRisthein/spring-security-oauth,2,0,2,0,1,2,2,0,0,0,0,0,0,0,0,0,0,0,0,0,0,0,0,0,0,0,0,0,0,0,0,0,0,0,0,0,0,0,0
dbudor/spring-security-oauth,2,0,2,0,1,2,2,0,0,0,0,0,0,0,0,0,0,0,0,0,0,0,0,0,0,0,0,0,0,0,0,0,0,0,0,0,0,0,0
jfneis/spring-security-oauth,2,1,1,0,1,2,2,0,0,0,0,0,0,0,0,0,0,0,0,0,0,0,0,0,0,0,0,0,0,0,0,0,0,0,0,0,0,0,0
shilei812/spring-security-oauth,1,0,1,0,1,1,1,0,0,0,0,0,0,0,0,0,0,0,0,0,0,0,0,0,0,0,0,0,0,0,0,0,0,0,0,0,0,0,0
xenoterracide/spring-security-oauth,2,0,2,0,1,2,2,0,0,0,0,0,0,0,0,0,0,0,0,0,0,0,0,0,0,0,0,0,0,0,0,0,0,0,0,0,0,0,0
DavyJones2010/spring-security-oauth,33,0,27,6,2,28,28,0,0,0,0,0,5,5,0,0,5,5,0,0,0,0,0,0,0,0,0,0,0,0,0,0,0,0,0,0,0,0,0
happyshi0402/spring-security-oauth,0,0,0,0,0,0,0,0,0,0,0,0,0,0,0,0,0,0,0,0,0,0,0,0,0,0,0,0,0,0,0,0,0,0,0,0,0,0,0
bwangfdu/spring-security-oauth,54,16,35,3,2,53,26,0,0,0,0,0,1,1,0,0,1,1,0,0,0,0,0,0,0,0,0,0,0,0,0,0,0,0,0,0,0,0,0
thalestakao/spring-security-oauth,1,0,1,0,1,0,0,0,0,0,0,0,0,0,0,0,0,0,0,0,1,0,1,0,0,0,0,0,0,0,0,0,0,0,0,0,0,0,0
adolfoweloy/spring-security-oauth,2,0,2,0,1,2,2,0,0,0,0,0,0,0,0,0,0,0,0,0,0,0,0,0,0,0,0,0,0,0,0,0,0,0,0,0,0,0,0
jsmusgrave/spring-security-oauth,2,0,2,0,1,2,2,0,0,0,0,0,0,0,0,0,0,0,0,0,0,0,0,0,0,0,0,0,0,0,0,0,0,0,0,0,0,0,0
osgafarov/spring-security-oauth,130,3,4,123,12,58,58,10,0,0,0,0,6,6,0,0,17,17,0,0,1,0,1,0,0,0,0,0,0,0,0,0,0,0,0,0,0,0,44
xyrc/spring-security-oauth,13,0,13,0,1,13,10,0,0,0,0,0,0,0,0,0,0,0,0,0,0,0,0,0,0,0,0,0,0,0,0,0,0,0,0,0,0,0,0
czetus/spring-security-oauth,11,4,7,0,4,5,5,0,0,0,0,0,2,2,0,0,2,2,0,0,0,0,0,0,0,0,0,0,0,0,1,1,0,0,0,0,0,0,3
xzeng1991/spring-security-oauth,2,0,2,0,1,0,0,0,0,0,0,0,0,0,0,0,0,0,0,0,2,0,2,0,0,0,0,0,0,0,0,0,0,0,0,0,0,0,0
jihlee/spring-security-oauth,5,1,4,0,1,5,4,0,0,0,0,0,0,0,0,0,0,0,0,0,0,0,0,0,0,0,0,0,0,0,0,0,0,0,0,0,0,0,0
luchob/spring-security-oauth,4,1,3,0,1,4,3,0,0,0,0,0,0,0,0,0,0,0,0,0,0,0,0,0,0,0,0,0,0,0,0,0,0,0,0,0,0,0,0
liumian97/spring-security-oauth,1,0,1,0,1,1,1,0,0,0,0,0,0,0,0,0,0,0,0,0,0,0,0,0,0,0,0,0,0,0,0,0,0,0,0,0,0,0,0
kherink/spring-security-oauth,1,1,0,0,1,1,1,0,0,0,0,0,0,0,0,0,0,0,0,0,0,0,0,0,0,0,0,0,0,0,0,0,0,0,0,0,0,0,0
patope/spring-security-oauth,1,0,1,0,1,1,1,0,0,0,0,0,0,0,0,0,0,0,0,0,0,0,0,0,0,0,0,0,0,0,0,0,0,0,0,0,0,0,0
sbcoba/spring-security-oauth,1,0,1,0,1,1,1,0,0,0,0,0,0,0,0,0,0,0,0,0,0,0,0,0,0,0,0,0,0,0,0,0,0,0,0,0,0,0,0
akushsky/spring-security-oauth,1,0,1,0,1,1,1,0,0,0,0,0,0,0,0,0,0,0,0,0,0,0,0,0,0,0,0,0,0,0,0,0,0,0,0,0,0,0,0
fdenommee/spring-security-oauth,2,0,2,0,1,2,2,0,0,0,0,0,0,0,0,0,0,0,0,0,0,0,0,0,0,0,0,0,0,0,0,0,0,0,0,0,0,0,0
zzsoszz/spring-security-oauth,4,0,4,0,3,2,2,1,0,0,0,0,1,1,0,0,1,1,0,0,0,0,0,0,0,0,0,0,0,0,0,0,0,0,0,0,0,0,0
consoleau/spring-security-oauth,267,38,220,9,3,185,120,0,0,0,0,0,70,34,0,0,70,34,0,0,0,0,0,0,0,0,0,0,0,0,12,12,0,0,0,0,0,0,0
chenjianyao/spring-security-oauth,119,99,16,4,14,50,45,6,0,0,0,0,2,1,0,0,21,14,0,0,1,0,1,0,0,3,2,0,0,0,0,0,0,0,0,0,0,0,38
claassen/spring-security-oauth,9,6,3,0,2,7,6,0,0,0,0,0,2,2,0,0,2,2,0,0,0,0,0,0,0,0,0,0,0,0,0,0,0,0,0,0,0,0,0
abbccdda/spring-security-oauth,1,1,0,0,1,0,0,0,0,0,0,0,0,0,0,0,0,0,0,0,0,0,0,0,0,0,0,0,0,0,1,1,0,0,0,0,0,0,0
raviteja8181/spring-security-oauth,1,0,1,0,1,0,0,0,0,0,0,0,1,1,0,0,1,1,0,0,0,0,0,0,0,0,0,0,0,0,0,0,0,0,0,0,0,0,0
wfaithfull/spring-security-oauth,2,0,2,0,1,2,2,0,0,0,0,0,0,0,0,0,0,0,0,0,0,0,0,0,0,0,0,0,0,0,0,0,0,0,0,0,0,0,0
shanman190/spring-security-oauth,4,0,4,0,1,4,4,0,0,0,0,0,0,0,0,0,0,0,0,0,0,0,0,0,0,0,0,0,0,0,0,0,0,0,0,0,0,0,0
waghsk/spring-security-oauth,2,0,2,0,2,1,1,0,0,0,0,0,1,1,0,0,1,1,0,0,0,0,0,0,0,0,0,0,0,0,0,0,0,0,0,0,0,0,0
tuxetuxe/spring-security-oauth,1,0,1,0,1,0,0,0,0,0,0,0,1,1,0,0,1,1,0,0,0,0,0,0,0,0,0,0,0,0,0,0,0,0,0,0,0,0,0
paulokinho/spring-security-oauth,0,0,0,0,0,0,0,0,0,0,0,0,0,0,0,0,0,0,0,0,0,0,0,0,0,0,0,0,0,0,0,0,0,0,0,0,0,0,0
denistiago/spring-security-oauth,1,0,1,0,1,1,1,0,0,0,0,0,0,0,0,0,0,0,0,0,0,0,0,0,0,0,0,0,0,0,0,0,0,0,0,0,0,0,0
lap089/spring-security-oauth,1,0,1,0,1,0,0,0,0,0,0,0,0,0,0,0,0,0,0,0,0,0,0,0,0,1,1,0,0,0,0,0,0,0,0,0,0,0,0
jnawk/spring-security-oauth,3,0,3,0,1,3,3,0,0,0,0,0,0,0,0,0,0,0,0,0,0,0,0,0,0,0,0,0,0,0,0,0,0,0,0,0,0,0,0
cdelmas/spring-security-oauth,3,0,3,0,1,3,1,0,0,0,0,0,0,0,0,0,0,0,0,0,0,0,0,0,0,0,0,0,0,0,0,0,0,0,0,0,0,0,0
colinschaub/spring-security-oauth,3,0,3,0,1,3,2,0,0,0,0,0,0,0,0,0,0,0,0,0,0,0,0,0,0,0,0,0,0,0,0,0,0,0,0,0,0,0,0
sangyuruo/spring-security-oauth,26,5,20,1,4,18,15,0,0,0,0,0,0,0,0,0,0,0,0,0,0,0,0,0,0,0,0,0,0,0,0,0,0,0,0,0,0,0,8
fitzoh/spring-security-oauth,2,0,2,0,1,2,2,0,0,0,0,0,0,0,0,0,0,0,0,0,0,0,0,0,0,0,0,0,0,0,0,0,0,0,0,0,0,0,0
pankaj-kalwar/spring-security-oauth,1,0,1,0,1,0,0,0,0,0,0,0,0,0,0,0,1,1,0,0,0,0,0,0,0,0,0,0,0,0,0,0,0,0,0,0,0,0,0
hnccho/spring-security-oauth,0,0,0,0,0,0,0,0,0,0,0,0,0,0,0,0,0,0,0,0,0,0,0,0,0,0,0,0,0,0,0,0,0,0,0,0,0,0,0
tspaeth/spring-security-oauth,1,0,1,0,1,0,0,0,0,0,0,0,0,0,0,0,0,0,0,0,1,0,1,0,0,0,0,0,0,0,0,0,0,0,0,0,0,0,0
zhlfml/spring-security-oauth,0,0,0,0,0,0,0,0,0,0,0,0,0,0,0,0,0,0,0,0,0,0,0,0,0,0,0,0,0,0,0,0,0,0,0,0,0,0,0
OpenConext/spring-security-oauth,169,19,146,4,4,58,35,0,0,0,0,0,106,35,0,0,108,37,0,0,0,0,0,0,0,0,0,0,0,1,0,0,0,0,0,0,0,0,3
denise-schaefer/spring-security-oauth,1,0,1,0,1,1,1,0,0,0,0,0,0,0,0,0,0,0,0,0,0,0,0,0,0,0,0,0,0,0,0,0,0,0,0,0,0,0,0
benkiefer/spring-security-oauth,2,0,2,0,1,2,2,0,0,0,0,0,0,0,0,0,0,0,0,0,0,0,0,0,0,0,0,0,0,0,0,0,0,0,0,0,0,0,0
voronaam/spring-security-oauth,1,0,1,0,1,1,1,0,0,0,0,0,0,0,0,0,0,0,0,0,0,0,0,0,0,0,0,0,0,0,0,0,0,0,0,0,0,0,0
caspermout/spring-security-oauth,3,0,3,0,1,3,3,0,0,0,0,0,0,0,0,0,0,0,0,0,0,0,0,0,0,0,0,0,0,0,0,0,0,0,0,0,0,0,0
marcosbarbero/spring-security-oauth,20,17,3,0,2,18,18,0,0,0,0,0,2,2,0,0,2,2,0,0,0,0,0,0,0,0,0,0,0,0,0,0,0,0,0,0,0,0,0
marksilvis/spring-security-oauth,1,0,1,0,1,0,0,0,0,0,0,0,0,0,0,0,0,0,0,0,1,0,1,0,0,0,0,0,0,0,0,0,0,0,0,0,0,0,0
xueyumusic/spring-security-oauth,5,0,5,0,1,5,1,0,0,0,0,0,0,0,0,0,0,0,0,0,0,0,0,0,0,0,0,0,0,0,0,0,0,0,0,0,0,0,0
sunvenka/spring-security-oauth,1,1,0,0,0,0,0,0,0,0,0,0,0,0,0,0,0,0,0,0,0,0,0,0,0,0,0,0,0,0,0,0,0,0,0,0,0,0,1
alviny/spring-security-oauth,2,1,1,0,1,0,0,0,0,0,0,0,0,0,0,0,2,1,0,0,0,0,0,0,0,0,0,0,0,0,0,0,0,0,0,0,0,0,0
MaximPedich/spring-security-oauth,4,2,2,0,2,2,2,0,0,0,0,0,2,2,0,0,2,2,0,0,0,0,0,0,0,0,0,0,0,0,0,0,0,0,0,0,0,0,0
linuschien/spring-security-oauth,1,0,1,0,1,1,1,0,0,0,0,0,0,0,0,0,0,0,0,0,0,0,0,0,0,0,0,0,0,0,0,0,0,0,0,0,0,0,0
holsky/spring-security-oauth,1,0,1,0,1,1,1,0,0,0,0,0,0,0,0,0,0,0,0,0,0,0,0,0,0,0,0,0,0,0,0,0,0,0,0,0,0,0,0
lvonk/spring-security-oauth,1,0,1,0,1,0,0,0,0,0,0,0,0,0,0,0,0,0,0,0,1,0,1,0,0,0,0,0,0,0,0,0,0,0,0,0,0,0,0
hansuky/spring-security-oauth,30,0,30,0,1,0,0,0,0,0,0,0,30,30,0,0,30,30,0,0,0,0,0,0,0,0,0,0,0,0,0,0,0,0,0,0,0,0,0
efenderbosch/spring-security-oauth,45,18,15,12,2,42,13,0,0,0,0,0,3,1,0,0,3,1,0,0,0,0,0,0,0,0,0,0,0,0,0,0,0,0,0,0,0,0,0
ORCID/spring-security-oauth,8,0,8,0,2,0,0,0,0,0,0,0,6,4,0,0,6,4,0,0,2,0,2,0,0,0,0,0,0,0,0,0,0,0,0,0,0,0,0
JohnKim/spring-security-oauth,1,0,1,0,1,0,0,0,0,0,0,0,0,0,0,0,0,0,0,0,1,0,1,0,0,0,0,0,0,0,0,0,0,0,0,0,0,0,0
ollie314/spring-security-oauth,0,0,0,0,0,0,0,0,0,0,0,0,0,0,0,0,0,0,0,0,0,0,0,0,0,0,0,0,0,0,0,0,0,0,0,0,0,0,0
sgyyz/spring-security-oauth,1,0,1,0,1,1,1,0,0,0,0,0,0,0,0,0,0,0,0,0,0,0,0,0,0,0,0,0,0,0,0,0,0,0,0,0,0,0,0
lucascivali/spring-security-oauth,1,0,1,0,1,1,1,0,0,0,0,0,0,0,0,0,0,0,0,0,0,0,0,0,0,0,0,0,0,0,0,0,0,0,0,0,0,0,0
skate056/spring-security-oauth,2,1,1,0,1,2,2,0,0,0,0,0,0,0,0,0,0,0,0,0,0,0,0,0,0,0,0,0,0,0,0,0,0,0,0,0,0,0,0
callmemagnus/spring-security-oauth,2,0,2,0,1,2,2,0,0,0,0,0,0,0,0,0,0,0,0,0,0,0,0,0,0,0,0,0,0,0,0,0,0,0,0,0,0,0,0
lukax/spring-security-oauth,2,0,2,0,1,2,2,0,0,0,0,0,0,0,0,0,0,0,0,0,0,0,0,0,0,0,0,0,0,0,0,0,0,0,0,0,0,0,0
regist84/spring-security-oauth,8,0,8,0,1,0,0,0,0,0,0,0,8,8,0,0,8,8,0,0,0,0,0,0,0,0,0,0,0,0,0,0,0,0,0,0,0,0,0
ractive/spring-security-oauth,1,0,1,0,1,1,1,0,0,0,0,0,0,0,0,0,0,0,0,0,0,0,0,0,0,0,0,0,0,0,0,0,0,0,0,0,0,0,0
ColRad/spring-security-oauth,1,0,1,0,1,1,1,0,0,0,0,0,0,0,0,0,0,0,0,0,0,0,0,0,0,0,0,0,0,0,0,0,0,0,0,0,0,0,0
rodol-fo/spring-security-oauth,1,0,1,0,1,1,1,0,0,0,0,0,0,0,0,0,0,0,0,0,0,0,0,0,0,0,0,0,0,0,0,0,0,0,0,0,0,0,0
leorubens/spring-security-oauth,1,1,0,0,1,0,0,0,0,0,0,0,0,0,0,0,0,0,0,0,0,0,0,0,0,1,1,0,0,0,0,0,0,0,0,0,0,0,0
wzlee/spring-security-oauth,208,0,9,199,16,143,143,5,0,0,0,0,7,7,0,0,22,22,0,0,0,0,0,0,0,2,2,0,0,0,0,0,0,0,0,0,0,0,36
z1z2z3/spring-security-oauth,297,92,183,22,21,1,1,0,0,0,0,0,0,0,0,0,0,0,0,0,85,0,85,0,0,2,2,1,1,0,16,2,0,0,0,0,0,0,192
fduartej/spring-security-oauth,297,92,183,22,21,1,1,0,0,0,0,0,0,0,0,0,0,0,0,0,85,0,85,0,0,2,2,1,1,0,16,2,0,0,0,0,0,0,192
ccciudatu/spring-security-oauth,299,92,185,22,21,3,3,0,0,0,0,0,0,0,0,0,0,0,0,0,85,0,85,0,0,2,2,1,1,0,16,2,0,0,0,0,0,0,192
naruraghavan/spring-security-oauth,297,92,183,22,21,1,1,0,0,0,0,0,0,0,0,0,0,0,0,0,85,0,85,0,0,2,2,1,1,0,16,2,0,0,0,0,0,0,192
tr-aheeva/spring-security-oauth,297,92,183,22,21,1,1,0,0,0,0,0,0,0,0,0,0,0,0,0,85,0,85,0,0,2,2,1,1,0,16,2,0,0,0,0,0,0,192
simon-zhou/spring-security-oauth,297,92,183,22,21,1,1,0,0,0,0,0,0,0,0,0,0,0,0,0,85,0,85,0,0,2,2,1,1,0,16,2,0,0,0,0,0,0,192
DooiooSource/spring-security-oauth,294,92,180,22,20,0,0,0,0,0,0,0,0,0,0,0,0,0,0,0,83,0,83,0,0,2,2,1,1,0,16,2,0,0,0,0,0,0,192
almubinsultan/spring-security-oauth,294,92,180,22,20,0,0,0,0,0,0,0,0,0,0,0,0,0,0,0,83,0,83,0,0,2,2,1,1,0,16,2,0,0,0,0,0,0,192
jintoxicate/spring-security-oauth,294,92,180,22,20,0,0,0,0,0,0,0,0,0,0,0,0,0,0,0,83,0,83,0,0,2,2,1,1,0,16,2,0,0,0,0,0,0,192
liuwenbo200285/spring-security-oauth,294,92,180,22,20,0,0,0,0,0,0,0,0,0,0,0,0,0,0,0,83,0,83,0,0,2,2,1,1,0,16,2,0,0,0,0,0,0,192
kristofferdominique/spring-security-oauth,294,92,180,22,20,0,0,0,0,0,0,0,0,0,0,0,0,0,0,0,83,0,83,0,0,2,2,1,1,0,16,2,0,0,0,0,0,0,192
friscoMad/spring-security-oauth,294,92,180,22,20,0,0,0,0,0,0,0,0,0,0,0,0,0,0,0,83,0,83,0,0,2,2,1,1,0,16,2,0,0,0,0,0,0,192
danveloper/spring-security-oauth,294,92,180,22,20,0,0,0,0,0,0,0,0,0,0,0,0,0,0,0,83,0,83,0,0,2,2,1,1,0,16,2,0,0,0,0,0,0,192
OhadR/spring-security-oauth,5,3,1,1,1,5,3,0,0,0,0,0,0,0,0,0,0,0,0,0,0,0,0,0,0,0,0,0,0,0,0,0,0,0,0,0,0,0,0
xiaqi1210/spring-security-oauth,2,0,2,0,1,0,0,0,0,0,0,0,0,0,0,0,0,0,0,0,2,0,2,0,0,0,0,0,0,0,0,0,0,0,0,0,0,0,0
yogeshnehra/spring-security-oauth,4,0,4,0,2,1,1,0,0,0,0,0,3,3,0,0,3,3,0,0,0,0,0,0,0,0,0,0,0,0,0,0,0,0,0,0,0,0,0
caseylucas/spring-security-oauth,10,0,10,0,1,10,4,0,0,0,0,0,0,0,0,0,0,0,0,0,0,0,0,0,0,0,0,0,0,0,0,0,0,0,0,0,0,0,0
him-bhar/spring-security-oauth,4,2,2,0,3,1,1,0,0,0,0,0,0,0,0,0,1,1,0,0,0,0,0,0,0,0,0,0,0,0,0,0,0,0,0,0,0,0,2
lguerrin/spring-security-oauth,5,0,5,0,1,5,5,0,0,0,0,0,0,0,0,0,0,0,0,0,0,0,0,0,0,0,0,0,0,0,0,0,0,0,0,0,0,0,0
ftaiolivista/spring-security-oauth,1,0,1,0,1,1,1,0,0,0,0,0,0,0,0,0,0,0,0,0,0,0,0,0,0,0,0,0,0,0,0,0,0,0,0,0,0,0,0
daleolds/spring-security-oauth,1,0,1,0,1,1,1,0,0,0,0,0,0,0,0,0,0,0,0,0,0,0,0,0,0,0,0,0,0,0,0,0,0,0,0,0,0,0,0
nfet/spring-security-oauth,1,0,1,0,1,1,1,0,0,0,0,0,0,0,0,0,0,0,0,0,0,0,0,0,0,0,0,0,0,0,0,0,0,0,0,0,0,0,0
ajantis/spring-security-oauth,0,0,0,0,0,0,0,0,0,0,0,0,0,0,0,0,0,0,0,0,0,0,0,0,0,0,0,0,0,0,0,0,0,0,0,0,0,0,0
Hons/spring-security-oauth,22,0,22,0,3,20,20,0,0,0,0,0,1,1,0,0,1,1,0,0,0,0,0,0,0,0,0,0,0,0,0,0,0,0,0,0,0,0,1
xcompass/spring-security-oauth,2,0,2,0,1,2,2,0,0,0,0,0,0,0,0,0,0,0,0,0,0,0,0,0,0,0,0,0,0,0,0,0,0,0,0,0,0,0,0
bimsapi/spring-security-oauth,2,0,2,0,1,2,2,0,0,0,0,0,0,0,0,0,0,0,0,0,0,0,0,0,0,0,0,0,0,0,0,0,0,0,0,0,0,0,0
tresbailey/spring-security-oauth,2,0,2,0,2,1,1,0,0,0,0,0,1,1,0,0,1,1,0,0,0,0,0,0,0,0,0,0,0,0,0,0,0,0,0,0,0,0,0
vedyval/spring-security-oauth,10,4,6,0,2,8,4,0,0,0,0,0,0,0,0,0,0,0,0,0,0,0,0,0,0,0,0,0,0,0,0,0,0,0,0,0,0,0,2
jirutka/spring-security-oauth,30,13,14,3,5,2,2,0,0,0,0,0,0,0,0,0,10,10,0,0,0,0,0,0,0,0,0,0,0,0,0,0,0,0,0,0,0,0,18
longliveenduro/spring-security-oauth,3,0,3,0,1,0,0,0,0,0,0,0,3,3,0,0,3,3,0,0,0,0,0,0,0,0,0,0,0,0,0,0,0,0,0,0,0,0,0
timr/spring-security-oauth,2,1,1,0,2,1,1,0,0,0,0,0,0,0,0,0,1,1,0,0,0,0,0,0,0,0,0,0,0,0,0,0,0,0,0,0,0,0,0
erwink/spring-security-oauth,118,77,41,0,6,0,0,0,14,10,0,0,20,9,0,0,35,21,0,0,0,0,0,0,0,0,0,0,0,0,0,0,0,0,0,0,0,0,69
aanganes/spring-security-oauth,3,0,3,0,1,3,3,0,0,0,0,0,0,0,0,0,0,0,0,0,0,0,0,0,0,0,0,0,0,0,0,0,0,0,0,0,0,0,0
d3clan/spring-security-oauth,24,0,24,0,3,21,9,0,0,0,0,0,0,0,0,0,0,0,0,0,0,0,0,0,0,0,0,0,0,0,0,0,0,0,0,0,0,0,3
ssmith5/spring-security-oauth,15,0,15,0,4,12,11,0,0,0,0,0,0,0,0,0,0,0,0,0,0,0,0,0,0,0,0,0,0,0,0,0,0,0,0,0,0,0,3
jillesvangurp/spring-security-oauth,2,0,2,0,1,2,2,0,0,0,0,0,0,0,0,0,0,0,0,0,0,0,0,0,0,0,0,0,0,0,0,0,0,0,0,0,0,0,0
Spidertracks/spring-security-oauth,4,4,0,0,4,1,1,0,0,0,0,0,1,1,0,0,1,1,0,0,0,0,0,0,0,0,0,0,0,0,0,0,0,0,0,0,0,0,2
calvinkrishy/spring-security-oauth,45,20,23,2,3,33,12,0,0,0,0,0,8,2,0,0,10,3,0,0,0,0,0,0,0,0,0,0,0,0,0,0,0,0,0,0,0,0,2
skywater/dubbo-spring-boot-mybatis-redis,6,0,6,0,2,0,0,1,0,0,0,0,0,0,0,0,4,4,0,0,0,0,0,0,0,0,0,0,0,0,0,0,0,0,0,0,0,0,1
shenruiqing/dubbo-spring-boot-mybatis-redis,1,1,0,0,1,0,0,0,0,0,0,0,0,0,0,0,1,1,0,0,0,0,0,0,0,0,0,0,0,0,0,0,0,0,0,0,0,0,0
yiwuxia/dubbo-spring-boot-mybatis-redis,1,0,1,0,1,0,0,0,0,0,0,0,0,0,0,0,0,0,0,0,1,0,1,0,0,0,0,0,0,0,0,0,0,0,0,0,0,0,0
DavidWang39532/dubbo-spring-boot-mybatis-redis,13,7,6,0,3,0,0,1,0,0,0,0,0,0,0,0,10,10,0,0,0,0,0,0,0,0,0,0,0,0,0,0,0,0,0,0,0,0,2
xiaobei-ihmhny/dubbo-spring-boot-mybatis-redis,46,0,1,45,5,0,0,0,0,0,0,0,0,0,0,0,0,0,0,0,1,0,1,0,0,0,0,0,0,0,0,0,0,0,0,0,0,0,45
T-XUE/dubbo-spring-boot-mybatis-redis,10,0,10,0,2,0,0,1,0,0,0,0,3,3,0,0,8,8,0,0,0,0,0,0,0,0,0,0,0,0,0,0,0,0,0,0,0,0,1
zwc609906/dubbo-spring-boot-mybatis-redis,1,0,1,0,1,1,1,0,0,0,0,0,0,0,0,0,0,0,0,0,0,0,0,0,0,0,0,0,0,0,0,0,0,0,0,0,0,0,0
yefeisnima/dubbo-spring-boot-mybatis-redis,61,9,44,8,6,2,2,1,0,0,0,0,2,1,0,0,9,7,0,0,0,0,0,0,0,0,0,0,0,0,0,0,0,0,0,0,0,0,49
wiseks/dubbo-spring-boot-mybatis-redis,14,0,14,0,3,2,2,1,0,0,0,0,6,4,0,0,10,8,0,0,0,0,0,0,0,0,0,0,0,0,0,0,0,0,0,0,0,0,1
llengo/dubbo-spring-boot-mybatis-redis,73,73,0,0,2,0,0,0,0,0,0,0,0,0,0,0,66,66,0,0,0,0,0,0,0,0,0,0,0,0,0,0,0,0,0,0,0,0,7
yudingling/Mapper,2,0,2,0,2,1,1,0,0,0,0,0,1,1,0,0,1,1,0,0,0,0,0,0,0,0,0,0,0,0,0,0,0,0,0,0,0,0,0
hakil/Mapper,2,0,2,0,2,1,1,0,0,0,0,0,0,0,0,0,0,0,0,0,1,0,1,0,0,0,0,0,0,0,0,0,0,0,0,0,0,0,0
quhailong1995/Mapper,75,16,58,1,6,10,7,4,0,0,0,0,1,1,0,0,7,2,0,0,1,0,1,0,0,0,0,0,0,0,0,0,0,0,0,0,0,0,53
stotem/Mapper,1,0,1,0,1,1,1,0,0,0,0,0,0,0,0,0,0,0,0,0,0,0,0,0,0,0,0,0,0,0,0,0,0,0,0,0,0,0,0
stdupanda/Mapper,1,0,1,0,1,0,0,0,0,0,0,0,0,0,0,0,0,0,0,0,1,0,1,0,0,0,0,0,0,0,0,0,0,0,0,0,0,0,0
goradical/Mapper,6,4,2,0,1,6,6,0,0,0,0,0,0,0,0,0,0,0,0,0,0,0,0,0,0,0,0,0,0,0,0,0,0,0,0,0,0,0,0
cn-sy-yl/Mapper,4,0,4,0,1,0,0,0,0,0,0,0,0,0,0,0,0,0,0,0,4,0,4,0,0,0,0,0,0,0,0,0,0,0,0,0,0,0,0
fushun1990/Mapper,2,0,2,0,1,2,1,0,0,0,0,0,0,0,0,0,0,0,0,0,0,0,0,0,0,0,0,0,0,0,0,0,0,0,0,0,0,0,0
masuguar/ForkMapper,20,7,13,0,2,18,15,0,0,0,0,0,0,0,0,0,0,0,0,0,2,0,2,0,0,0,0,0,0,0,0,0,0,0,0,0,0,0,0
suifengpiao14/Mapper,5,0,5,0,1,5,4,0,0,0,0,0,0,0,0,0,0,0,0,0,0,0,0,0,0,0,0,0,0,0,0,0,0,0,0,0,0,0,0
twislyn/Mapper,1,0,1,0,1,1,1,0,0,0,0,0,0,0,0,0,0,0,0,0,0,0,0,0,0,0,0,0,0,0,0,0,0,0,0,0,0,0,0
YaYa-Mountain/Mapper,1,0,1,0,1,1,1,0,0,0,0,0,0,0,0,0,0,0,0,0,0,0,0,0,0,0,0,0,0,0,0,0,0,0,0,0,0,0,0
hittor/Mapper,1,0,1,0,1,1,1,0,0,0,0,0,0,0,0,0,0,0,0,0,0,0,0,0,0,0,0,0,0,0,0,0,0,0,0,0,0,0,0
wudy875498/Mapper,3,1,2,0,1,3,3,0,0,0,0,0,0,0,0,0,0,0,0,0,0,0,0,0,0,0,0,0,0,0,0,0,0,0,0,0,0,0,0
ztyzbb/Mapper,5,0,5,0,1,5,5,0,0,0,0,0,0,0,0,0,0,0,0,0,0,0,0,0,0,0,0,0,0,0,0,0,0,0,0,0,0,0,0
PJB2TY/Mapper,0,0,0,0,0,0,0,0,0,0,0,0,0,0,0,0,0,0,0,0,0,0,0,0,0,0,0,0,0,0,0,0,0,0,0,0,0,0,0
finira/Mapper,1,0,1,0,1,1,1,0,0,0,0,0,0,0,0,0,0,0,0,0,0,0,0,0,0,0,0,0,0,0,0,0,0,0,0,0,0,0,0
wittyliu/Mapper,4,4,0,0,1,4,4,0,0,0,0,0,0,0,0,0,0,0,0,0,0,0,0,0,0,0,0,0,0,0,0,0,0,0,0,0,0,0,0
tjpanda88/Mapper,10,0,10,0,1,10,7,0,0,0,0,0,0,0,0,0,0,0,0,0,0,0,0,0,0,0,0,0,0,0,0,0,0,0,0,0,0,0,0
skyseavae/Mapper,5,1,4,0,1,5,4,0,0,0,0,0,0,0,0,0,0,0,0,0,0,0,0,0,0,0,0,0,0,0,0,0,0,0,0,0,0,0,0
164675423/Mapper,5,1,4,0,1,5,4,0,0,0,0,0,0,0,0,0,0,0,0,0,0,0,0,0,0,0,0,0,0,0,0,0,0,0,0,0,0,0,0
hanasakari/Mapper,5,1,4,0,1,5,4,0,0,0,0,0,0,0,0,0,0,0,0,0,0,0,0,0,0,0,0,0,0,0,0,0,0,0,0,0,0,0,0
donaldjohn/Mapper,5,1,4,0,1,5,4,0,0,0,0,0,0,0,0,0,0,0,0,0,0,0,0,0,0,0,0,0,0,0,0,0,0,0,0,0,0,0,0
pzzpl/Mapper,5,1,4,0,1,5,4,0,0,0,0,0,0,0,0,0,0,0,0,0,0,0,0,0,0,0,0,0,0,0,0,0,0,0,0,0,0,0,0
Wang-Ray/Mapper,1,0,1,0,1,1,1,0,0,0,0,0,0,0,0,0,0,0,0,0,0,0,0,0,0,0,0,0,0,0,0,0,0,0,0,0,0,0,0
chinaerserver/Mapper,3,1,2,0,2,2,2,0,0,0,0,0,1,1,0,0,1,1,0,0,0,0,0,0,0,0,0,0,0,0,0,0,0,0,0,0,0,0,0
liyongjun1/Mapper,1,0,1,0,1,1,1,0,0,0,0,0,0,0,0,0,0,0,0,0,0,0,0,0,0,0,0,0,0,0,0,0,0,0,0,0,0,0,0
ADSanMu/Mapper,16,3,13,0,3,12,7,0,0,0,0,0,0,0,0,0,3,2,0,0,1,0,1,0,0,0,0,0,0,0,0,0,0,0,0,0,0,0,0
lovelichun/Mapper,1,0,1,0,1,0,0,0,0,0,0,0,0,0,0,0,1,1,0,0,0,0,0,0,0,0,0,0,0,0,0,0,0,0,0,0,0,0,0
LYDXY/Mapper,0,0,0,0,0,0,0,0,0,0,0,0,0,0,0,0,0,0,0,0,0,0,0,0,0,0,0,0,0,0,0,0,0,0,0,0,0,0,0
chinaluopiao/Mapper,2,0,2,0,1,2,2,0,0,0,0,0,0,0,0,0,0,0,0,0,0,0,0,0,0,0,0,0,0,0,0,0,0,0,0,0,0,0,0
tonyscale/Mapper,9,0,9,0,2,8,8,0,0,0,0,0,1,1,0,0,1,1,0,0,0,0,0,0,0,0,0,0,0,0,0,0,0,0,0,0,0,0,0
SteinbockA/mybatis-generator-EXT,5,1,4,0,2,2,1,0,0,0,0,0,1,1,0,0,3,2,0,0,0,0,0,0,0,0,0,0,0,0,0,0,0,0,0,0,0,0,0
DogFc/Mapper,2,0,2,0,1,2,1,0,0,0,0,0,0,0,0,0,0,0,0,0,0,0,0,0,0,0,0,0,0,0,0,0,0,0,0,0,0,0,0
amwei/Mapper,0,0,0,0,0,0,0,0,0,0,0,0,0,0,0,0,0,0,0,0,0,0,0,0,0,0,0,0,0,0,0,0,0,0,0,0,0,0,0
weijj0528/Mapper,1,0,1,0,1,1,1,0,0,0,0,0,0,0,0,0,0,0,0,0,0,0,0,0,0,0,0,0,0,0,0,0,0,0,0,0,0,0,0
cuisongliu/Mapper,0,0,0,0,0,0,0,0,0,0,0,0,0,0,0,0,0,0,0,0,0,0,0,0,0,0,0,0,0,0,0,0,0,0,0,0,0,0,0
bryant1410/Mapper,13,0,13,0,1,0,0,0,0,0,0,0,0,0,0,0,0,0,0,0,13,0,13,0,0,0,0,0,0,0,0,0,0,0,0,0,0,0,0
adrianSet/Mapper,1,0,1,0,1,0,0,0,0,0,0,0,0,0,0,0,0,0,0,0,1,0,1,0,0,0,0,0,0,0,0,0,0,0,0,0,0,0,0
wyzfzu/Mapper,0,0,0,0,0,0,0,0,0,0,0,0,0,0,0,0,0,0,0,0,0,0,0,0,0,0,0,0,0,0,0,0,0,0,0,0,0,0,0
quancheng-ec/poodle-mapper,15,0,15,0,3,2,1,0,0,0,0,0,3,1,0,0,6,4,0,0,7,0,7,0,0,0,0,0,0,0,0,0,0,0,0,0,0,0,0
mingt/Mapper,2,0,2,0,2,1,1,0,0,0,0,0,1,1,0,0,1,1,0,0,0,0,0,0,0,0,0,0,0,0,0,0,0,0,0,0,0,0,0
jview/Mapper,132,20,111,1,3,116,62,0,0,0,0,0,14,1,0,0,15,2,0,0,0,0,0,0,0,1,1,0,0,0,0,0,0,0,0,0,0,0,0
z589533/Mapper,14,1,13,0,3,10,10,0,0,0,0,0,0,0,0,0,2,2,0,0,2,0,2,0,0,0,0,0,0,0,0,0,0,0,0,0,0,0,0
piggsoft/Mapper,1,0,1,0,1,1,1,0,0,0,0,0,0,0,0,0,0,0,0,0,0,0,0,0,0,0,0,0,0,0,0,0,0,0,0,0,0,0,0
87439247/Mapper,38,0,38,0,3,17,10,0,0,0,0,0,7,1,0,0,7,1,0,0,14,0,14,0,0,0,0,0,0,0,0,0,0,0,0,0,0,0,0
batiwu/Mapper,14,0,14,0,3,11,8,0,0,0,0,0,1,1,0,0,1,1,0,0,0,0,0,0,0,0,0,0,0,0,0,0,0,0,0,0,0,0,2
liufor/Mapper,5,1,4,0,3,2,2,0,0,0,0,0,2,1,0,0,2,1,0,0,1,0,1,0,0,0,0,0,0,0,0,0,0,0,0,0,0,0,0
sean-lys/Mapper,0,0,0,0,0,0,0,0,0,0,0,0,0,0,0,0,0,0,0,0,0,0,0,0,0,0,0,0,0,0,0,0,0,0,0,0,0,0,0
igitee/Mapper,0,0,0,0,0,0,0,0,0,0,0,0,0,0,0,0,0,0,0,0,0,0,0,0,0,0,0,0,0,0,0,0,0,0,0,0,0,0,0
ptma/Mapper,0,0,0,0,0,0,0,0,0,0,0,0,0,0,0,0,0,0,0,0,0,0,0,0,0,0,0,0,0,0,0,0,0,0,0,0,0,0,0
adolphor/Mapper,0,0,0,0,0,0,0,0,0,0,0,0,0,0,0,0,0,0,0,0,0,0,0,0,0,0,0,0,0,0,0,0,0,0,0,0,0,0,0
luorenjin/Mapper,1,0,1,0,1,1,1,0,0,0,0,0,0,0,0,0,0,0,0,0,0,0,0,0,0,0,0,0,0,0,0,0,0,0,0,0,0,0,0
rodrigo2005/gs-uploading-files,3,1,2,0,2,1,1,0,0,0,0,0,0,0,0,0,0,0,0,0,0,0,0,0,0,0,0,0,0,0,0,0,0,0,0,0,0,0,2
darkerror96/gs-uploading-files,1,0,0,1,1,0,0,0,0,0,0,0,0,0,0,0,0,0,0,0,0,1,1,0,0,0,0,0,0,0,0,0,0,0,0,0,0,0,0
liudonghua123/gs-uploading-files,3,2,1,0,2,0,0,1,0,0,0,0,0,0,0,0,0,0,0,0,0,0,0,0,0,0,0,0,0,0,1,1,0,0,0,0,0,0,1
jamataran/gs-uploading-files,46,8,7,31,13,14,14,6,4,4,2,2,1,1,0,0,1,1,2,2,3,2,5,0,0,2,2,1,1,0,0,0,1,1,0,0,0,0,8
ulrichwinter/gs-uploading-files,7,4,3,0,4,3,3,0,0,0,1,1,0,0,0,0,0,0,0,0,1,0,1,0,0,2,2,0,0,0,0,0,0,0,0,0,0,0,0
browncrane/gs-uploading-files,1,0,1,0,1,1,1,0,0,0,0,0,0,0,0,0,0,0,0,0,0,0,0,0,0,0,0,0,0,0,0,0,0,0,0,0,0,0,0
jdelagal/gs-uploading-files,9,2,3,4,5,4,4,1,0,0,0,0,1,1,0,0,1,1,0,0,0,0,0,0,0,1,1,1,1,0,0,0,0,0,0,0,0,0,1
mkgobaco/gs-uploading-files,1,0,1,0,1,0,0,0,0,0,0,0,1,1,0,0,1,1,0,0,0,0,0,0,0,0,0,0,0,0,0,0,0,0,0,0,0,0,0
vcoder4c/gs-uploading-files,5,0,5,0,4,2,2,1,0,0,1,1,1,1,0,0,1,1,0,0,0,0,0,0,0,0,0,0,0,0,0,0,0,0,0,0,0,0,0
district10/gs-uploading-files,22,1,0,21,10,6,6,4,3,3,1,1,1,1,0,0,1,1,1,1,1,1,2,0,0,0,0,1,1,0,0,0,1,1,0,0,0,0,2
newlight77/gs-uploading-files,174,25,149,0,11,32,16,9,4,4,44,2,42,2,0,0,42,2,0,0,0,29,29,0,0,1,1,0,0,1,0,0,2,2,0,0,1,1,10
Buzzardo/gs-uploading-files,1,0,1,0,1,0,0,0,0,0,0,0,0,0,0,0,0,0,0,0,0,1,1,0,0,0,0,0,0,0,0,0,0,0,0,0,0,0,0
youfeng243/gs-uploading-files,17,0,6,11,7,8,8,2,1,1,2,1,0,0,0,0,0,0,1,1,0,0,0,0,0,1,1,0,0,0,0,0,0,0,0,0,0,0,2
abinet/gs-uploading-files,10,1,9,0,3,6,3,1,0,0,0,0,0,0,0,0,0,0,0,0,0,0,0,0,0,0,0,0,0,0,0,0,0,0,0,0,0,0,3
wanghaojun/gs-uploading-files,11,3,5,3,5,3,1,1,0,0,0,0,2,1,0,0,2,1,0,0,0,0,0,0,0,0,0,0,0,0,1,1,0,0,0,0,0,0,4
ElomAtsouAgboka/gs-uploading-files,1,0,1,0,1,0,0,0,0,0,0,0,1,1,0,0,1,1,0,0,0,0,0,0,0,0,0,0,0,0,0,0,0,0,0,0,0,0,0
Sheparzo/gs-uploading-files,9,3,6,0,4,2,2,2,0,0,0,0,3,2,0,0,3,2,0,0,0,0,0,0,0,0,0,0,0,0,0,0,0,0,0,0,0,0,2
msgilligan/gs-uploading-files,8,0,8,0,4,0,0,2,2,2,2,2,0,0,0,0,0,0,2,2,0,0,0,0,0,0,0,0,0,0,0,0,0,0,0,0,0,0,0
DaTTT111/springcloud,6,0,6,0,2,0,0,1,0,0,0,0,5,5,0,0,5,5,0,0,0,0,0,0,0,0,0,0,0,0,0,0,0,0,0,0,0,0,0
manonline/springcloud,29,8,21,0,4,5,5,7,0,0,0,0,16,13,0,0,16,13,0,0,1,0,1,0,0,0,0,0,0,0,0,0,0,0,0,0,0,0,0
zdjkea/springcloud,42,16,26,0,5,4,4,3,0,0,0,0,14,14,0,0,14,14,0,0,1,0,1,0,0,0,0,0,0,0,1,1,0,0,0,0,0,0,19
zqg4919/springcloud,3,0,3,0,2,0,0,2,0,0,0,0,1,1,0,0,1,1,0,0,0,0,0,0,0,0,0,0,0,0,0,0,0,0,0,0,0,0,0
microservices-2/microservices-dashboard,1,0,1,0,1,0,0,0,0,0,0,0,0,0,0,0,0,0,0,0,0,1,1,0,0,0,0,0,0,0,0,0,0,0,0,0,0,0,0
tkzandgj/netty-chat,16,4,11,1,3,13,11,0,0,0,0,0,2,2,0,0,2,2,0,0,0,0,0,0,0,0,0,0,0,0,1,1,0,0,0,0,0,0,0
VectorYao/netty-chat,25,5,20,0,3,18,15,0,0,0,0,0,0,0,0,0,0,0,0,0,4,0,4,0,0,0,0,0,0,0,0,0,0,0,0,0,0,0,3
DoubleSmile/netty-chat,6,0,6,0,1,6,6,0,0,0,0,0,0,0,0,0,0,0,0,0,0,0,0,0,0,0,0,0,0,0,0,0,0,0,0,0,0,0,0
zhangwei5095/netty-chat,0,0,0,0,0,0,0,0,0,0,0,0,0,0,0,0,0,0,0,0,0,0,0,0,0,0,0,0,0,0,0,0,0,0,0,0,0,0,0
pkstyle/netty-chat,1,0,1,0,1,1,1,0,0,0,0,0,0,0,0,0,0,0,0,0,0,0,0,0,0,0,0,0,0,0,0,0,0,0,0,0,0,0,0
xuejiangtao/DSpace,3,0,3,0,1,3,1,0,0,0,0,0,0,0,0,0,0,0,0,0,0,0,0,0,0,0,0,0,0,0,0,0,0,0,0,0,0,0,0
y1ngyang/DSpace,1,1,0,0,1,0,0,0,0,0,0,0,0,0,0,0,0,0,0,0,0,0,0,0,0,0,0,0,0,0,0,0,0,0,0,0,0,0,1
guilhermejccavalcanti/DSpace,7,0,7,0,1,7,6,0,0,0,0,0,0,0,0,0,0,0,0,0,0,0,0,0,0,0,0,0,0,0,0,0,0,0,0,0,0,0,0
BIBSYSDEV/Brage6,1186,70,1091,25,29,705,315,5,0,0,0,0,246,24,0,0,296,50,0,0,3,0,3,0,0,0,0,0,0,5,0,0,0,0,0,0,5,2,172
Flusspferd123/DSpace,4,2,2,0,2,2,2,0,0,0,0,0,0,0,0,0,0,0,0,0,0,0,0,0,0,0,0,0,0,0,0,0,0,0,0,0,0,0,2
CityOfNewYork/DSpace,1444,123,1283,38,30,580,232,31,0,0,0,0,153,24,0,0,251,54,0,0,1,0,1,0,0,0,0,57,38,2,0,0,0,0,0,0,5,2,519
philip-muench/DSpace,1,0,1,0,1,1,1,0,0,0,0,0,0,0,0,0,0,0,0,0,0,0,0,0,0,0,0,0,0,0,0,0,0,0,0,0,0,0,0
buluma/DSpace,1,0,1,0,1,0,0,0,0,0,0,0,0,0,0,0,0,0,0,0,1,0,1,0,0,0,0,0,0,0,0,0,0,0,0,0,0,0,0
UNdeC/DSpace,1,1,0,0,1,0,0,0,0,0,0,0,0,0,0,0,0,0,0,0,0,0,0,0,0,1,1,0,0,0,0,0,0,0,0,0,0,0,0
hcayless/DSpace,3,0,3,0,1,3,1,0,0,0,0,0,0,0,0,0,0,0,0,0,0,0,0,0,0,0,0,0,0,0,0,0,0,0,0,0,0,0,0
wgresshoff/DSpace,3,0,3,0,2,1,1,0,0,0,0,0,0,0,0,0,2,1,0,0,0,0,0,0,0,0,0,0,0,0,0,0,0,0,0,0,0,0,0
FlakyTestDetection/DSpace,3,0,3,0,1,0,0,0,0,0,0,0,0,0,0,0,0,0,0,0,0,0,0,0,0,0,0,0,0,3,0,0,0,0,0,0,0,0,3
cidus/DSpace,1,0,1,0,1,0,0,0,0,0,0,0,0,0,0,0,0,0,0,0,0,0,0,0,0,0,0,0,0,0,0,0,0,0,0,0,0,0,1
blekinge/DSpace,5,1,4,0,2,2,1,0,0,0,0,0,1,1,0,0,3,2,0,0,0,0,0,0,0,0,0,0,0,0,0,0,0,0,0,0,0,0,0
bcoddens/DSpace,0,0,0,0,0,0,0,0,0,0,0,0,0,0,0,0,0,0,0,0,0,0,0,0,0,0,0,0,0,0,0,0,0,0,0,0,0,0,0
aimsdc/DSpace,1,0,1,0,1,1,1,0,0,0,0,0,0,0,0,0,0,0,0,0,0,0,0,0,0,0,0,0,0,0,0,0,0,0,0,0,0,0,0
mukulu/DSpace,6,2,4,0,2,5,5,0,0,0,0,0,0,0,0,0,1,1,0,0,0,0,0,0,0,0,0,0,0,0,0,0,0,0,0,0,0,0,0
gregorgabriel/DSpace,1,0,1,0,1,1,1,0,0,0,0,0,0,0,0,0,0,0,0,0,0,0,0,0,0,0,0,0,0,0,0,0,0,0,0,0,0,0,0
samueloph/DSpace,1,1,0,0,1,0,0,0,0,0,0,0,0,0,0,0,1,1,0,0,0,0,0,0,0,0,0,0,0,0,0,0,0,0,0,0,0,0,0
hatfieldlibrary/DSpace-Archived,26,3,22,1,2,25,14,0,0,0,0,0,0,0,0,0,0,0,0,0,0,0,0,0,0,0,0,0,0,0,0,0,0,0,0,0,0,0,1
SOIPPO/DSpace,3,2,1,0,1,0,0,0,0,0,0,0,0,0,0,0,3,3,0,0,0,0,0,0,0,0,0,0,0,0,0,0,0,0,0,0,0,0,0
yorkulibraries/DSpace,6,3,3,0,1,0,0,0,0,0,0,0,0,0,0,0,6,3,0,0,0,0,0,0,0,0,0,0,0,0,0,0,0,0,0,0,0,0,0
isido/DSpace,2,0,2,0,2,1,1,0,0,0,0,0,0,0,0,0,0,0,0,0,0,0,0,0,0,0,0,0,0,0,0,0,0,0,0,0,0,0,1
DylanMeeus/DSpace,1,0,1,0,1,0,0,0,0,0,0,0,0,0,0,0,0,0,0,0,0,0,0,0,0,0,0,0,0,0,0,0,0,0,0,0,0,0,1
mateuszneumann/DSpace,3,0,3,0,2,2,2,0,0,0,0,0,0,0,0,0,1,1,0,0,0,0,0,0,0,0,0,0,0,0,0,0,0,0,0,0,0,0,0
EDUCACAO-LIVRE/DSpace,645,101,544,0,27,161,100,10,0,0,0,0,224,27,0,0,265,49,1,1,4,0,4,0,0,1,1,0,0,1,0,0,0,0,0,0,0,0,203
nuncanada/DSpace,2,0,2,0,1,2,1,0,0,0,0,0,0,0,0,0,0,0,0,0,0,0,0,0,0,0,0,0,0,0,0,0,0,0,0,0,0,0,0
idmgroup/DSpace,5,0,5,0,2,4,4,0,0,0,0,0,0,0,0,0,1,1,0,0,0,0,0,0,0,0,0,0,0,0,0,0,0,0,0,0,0,0,0
samuszx/DSpace,2,1,0,1,1,0,0,0,0,0,0,0,0,0,0,0,0,0,0,0,0,0,0,0,0,2,1,0,0,0,0,0,0,0,0,0,0,0,0
riundec/DSpace,1,0,1,0,1,0,0,0,0,0,0,0,0,0,0,0,0,0,1,1,0,0,0,0,0,0,0,0,0,0,0,0,0,0,0,0,0,0,0
dspacesdum/DSpace,1,0,1,0,1,0,0,0,0,0,0,0,0,0,0,0,1,1,0,0,0,0,0,0,0,0,0,0,0,0,0,0,0,0,0,0,0,0,0
EcvetStep/rulo-repo,1,0,1,0,1,0,0,0,0,0,0,0,0,0,0,0,0,0,0,0,0,0,0,0,0,0,0,0,0,0,0,0,0,0,0,0,0,0,1
IPLeiria/DSpace,20,20,0,0,7,0,0,2,0,0,0,0,0,0,0,0,0,0,0,0,0,0,0,0,0,0,0,0,0,0,0,0,0,0,0,0,0,0,18
miptliot/DSpace,3,1,2,0,2,0,0,0,0,0,0,0,0,0,0,0,2,1,0,0,0,0,0,0,0,0,0,0,0,0,0,0,0,0,0,0,0,0,1
taozhaolib/DSpace4,30,0,30,0,4,21,14,0,0,0,0,0,1,1,0,0,2,2,0,0,0,0,0,0,0,0,0,0,0,0,0,0,0,0,0,0,0,0,7
brishti55/DSpace,4,1,3,0,4,0,0,1,0,0,0,0,0,0,0,0,1,1,0,0,0,0,0,0,0,0,0,1,1,0,0,0,0,0,0,0,0,0,1
gsolomou/DSpace,2,1,0,1,1,0,0,0,0,0,0,0,0,0,0,0,0,0,0,0,0,0,0,0,0,0,0,0,0,2,0,0,0,0,0,0,0,0,2
themiszamani/DSpace,8,6,2,0,2,7,7,0,0,0,0,0,0,0,0,0,0,0,0,0,0,0,0,0,0,0,0,0,0,0,0,0,0,0,0,0,0,0,1
CICBA/DSpace,2918,256,2605,57,46,1174,444,22,0,0,0,0,477,27,0,0,775,91,1,1,4,0,4,0,0,10,5,10,2,3,0,0,0,0,0,0,5,2,917
kardeiz/DSpace,5,0,5,0,2,0,0,0,0,0,0,0,0,0,0,0,0,0,0,0,0,0,0,0,0,0,0,0,0,0,0,0,0,0,0,0,0,0,5
CainBrianJ/MOspace,290,125,139,26,20,11,6,5,24,24,0,0,2,2,0,0,45,31,0,0,0,0,0,0,0,1,1,0,0,1,0,0,0,0,0,0,0,0,204
AgriOcean/DSpace,102,0,101,1,7,17,14,1,0,0,0,0,71,23,0,0,74,26,0,0,0,0,0,0,0,0,0,0,0,0,0,0,0,0,0,0,0,0,10
muelle/DSpace,0,0,0,0,0,0,0,0,0,0,0,0,0,0,0,0,0,0,0,0,0,0,0,0,0,0,0,0,0,0,0,0,0,0,0,0,0,0,0
enrique/DSpace-Iteso,16,2,14,0,5,5,3,2,0,0,0,0,2,2,0,0,2,2,0,0,0,0,0,0,0,0,0,0,0,0,0,0,0,0,0,0,0,0,7
AnjaLeBlanc/DSpace,0,0,0,0,0,0,0,0,0,0,0,0,0,0,0,0,0,0,0,0,0,0,0,0,0,0,0,0,0,0,0,0,0,0,0,0,0,0,0
RIUNET/DSpace,30,5,18,7,4,10,3,15,0,0,0,0,0,0,0,0,0,0,0,0,0,0,0,0,0,0,0,0,0,0,0,0,0,0,0,0,0,0,5
albz657/DSpace,2,1,1,0,1,0,0,0,0,0,0,0,0,0,0,0,0,0,0,0,0,0,0,0,0,0,0,0,0,0,0,0,0,0,0,0,0,0,2
cariscristobal/DSpace,1,0,1,0,1,0,0,1,0,0,0,0,0,0,0,0,0,0,0,0,0,0,0,0,0,0,0,0,0,0,0,0,0,0,0,0,0,0,0
bbkopsas/DSpace,5,0,5,0,1,5,5,0,0,0,0,0,0,0,0,0,0,0,0,0,0,0,0,0,0,0,0,0,0,0,0,0,0,0,0,0,0,0,0
SlyDen/DSpace,34,21,13,0,7,17,13,2,0,0,0,0,0,0,0,0,4,4,0,0,0,0,0,0,0,0,0,0,0,0,0,0,0,0,0,0,0,0,11
knowledgearc/DSpace,325,82,221,22,13,174,153,13,0,0,0,0,90,27,0,0,101,36,1,1,1,0,1,0,0,0,0,0,0,1,0,0,0,0,0,0,0,0,35
choleski/DSpace,0,0,0,0,0,0,0,0,0,0,0,0,0,0,0,0,0,0,0,0,0,0,0,0,0,0,0,0,0,0,0,0,0,0,0,0,0,0,0
awaterma/DSpace,1,0,1,0,1,1,1,0,0,0,0,0,0,0,0,0,0,0,0,0,0,0,0,0,0,0,0,0,0,0,0,0,0,0,0,0,0,0,0
nkneumann/DSpace,12,3,9,0,4,6,6,0,0,0,0,0,2,2,0,0,3,3,0,0,0,0,0,0,0,0,0,0,0,0,0,0,0,0,0,0,0,0,3
alapchari/DSpace,13,0,13,0,4,8,7,2,0,0,0,0,1,1,0,0,2,2,0,0,0,0,0,0,0,0,0,0,0,0,0,0,0,0,0,0,0,0,1
ricedss/DSpace,1,0,1,0,1,1,1,0,0,0,0,0,0,0,0,0,0,0,0,0,0,0,0,0,0,0,0,0,0,0,0,0,0,0,0,0,0,0,0
bdpi/bdpi-dspace,2934,1064,1544,326,49,251,107,141,222,112,0,0,176,23,0,0,434,63,0,0,0,0,0,0,0,15,8,10,5,0,0,0,0,0,0,0,0,0,1861
unm-art/DSpace,3,0,3,0,3,0,0,1,0,0,0,0,1,1,0,0,1,1,0,0,0,0,0,0,0,0,0,0,0,0,0,0,0,0,0,0,0,0,1
rtalbot89/UOW-DSpace,2,0,2,0,0,0,0,0,0,0,0,0,0,0,0,0,0,0,0,0,0,0,0,0,0,0,0,0,0,0,0,0,0,0,0,0,0,0,2
zuki/DSpace,57,20,37,0,8,31,21,1,0,0,0,0,0,0,0,0,11,2,0,0,0,0,0,0,0,0,0,0,0,0,0,0,0,0,0,0,0,0,14
osulibraries/DSpace,2,0,2,0,2,1,1,0,0,0,0,0,0,0,0,0,0,0,0,0,0,0,0,0,0,0,0,0,0,0,0,0,0,0,0,0,0,0,1
nesovi/DSpace,3,0,3,0,2,0,0,0,0,0,0,0,0,0,0,0,0,0,0,0,0,0,0,0,0,0,0,0,0,0,0,0,0,0,0,0,0,0,3
aschweer/DSpace,1,0,1,0,1,1,1,0,0,0,0,0,0,0,0,0,0,0,0,0,0,0,0,0,0,0,0,0,0,0,0,0,0,0,0,0,0,0,0
abollini/DSpace,3,0,3,0,2,2,2,0,0,0,0,0,0,0,0,0,1,1,0,0,0,0,0,0,0,0,0,0,0,0,0,0,0,0,0,0,0,0,0
maMingNow/SkyEye,113,4,109,0,5,104,92,0,0,0,1,1,0,0,0,0,0,0,0,0,4,0,4,0,0,2,2,0,0,0,0,0,0,0,0,0,0,0,2
huyuantai/springboot_cwenao,5,2,2,1,1,0,0,0,0,0,0,0,0,0,0,0,0,0,0,0,0,0,0,0,0,2,1,0,0,0,0,0,0,0,0,0,0,0,3
orangeyts/springboot_cwenao,1,1,0,0,1,1,1,0,0,0,0,0,0,0,0,0,0,0,0,0,0,0,0,0,0,0,0,0,0,0,0,0,0,0,0,0,0,0,0
TianYongwei/weixin-java-miniapp-demo,4,2,1,1,2,1,1,0,0,0,0,0,0,0,0,0,0,0,0,0,0,0,0,0,0,0,0,0,0,0,3,2,0,0,0,0,0,0,0
suyaoli/duiduibang-api,41,23,17,1,4,32,25,0,1,1,0,0,7,1,0,0,7,1,0,0,0,0,0,0,0,0,0,0,0,0,0,0,0,0,0,0,0,0,1
604331309/weixin-java-miniapp-demo,0,0,0,0,0,0,0,0,0,0,0,0,0,0,0,0,0,0,0,0,0,0,0,0,0,0,0,0,0,0,0,0,0,0,0,0,0,0,0
13594163317/weixin-java-miniapp-demo,1,1,0,0,1,0,0,0,0,0,0,0,0,0,0,0,0,0,0,0,0,0,0,0,0,0,0,0,0,0,0,0,0,0,0,0,0,0,1
asnaper/weixin-java-miniapp-demo,28,15,13,0,3,21,13,2,0,0,0,0,1,1,0,0,5,4,0,0,0,0,0,0,0,0,0,0,0,0,0,0,0,0,0,0,0,0,0
goodhans8185311/weixin-java-miniapp-demo,1,0,1,0,1,0,0,0,0,0,0,0,1,1,0,0,1,1,0,0,0,0,0,0,0,0,0,0,0,0,0,0,0,0,0,0,0,0,0
comeonc/weixin-java-miniapp-demo,4,0,3,1,2,3,3,0,0,0,0,0,0,0,0,0,0,0,0,0,0,0,0,0,0,0,0,0,0,0,0,0,0,0,0,0,0,0,1
paolocarta/clean-architecture-example,3,0,3,0,3,1,1,1,0,0,1,1,0,0,0,0,0,0,0,0,0,0,0,0,0,0,0,0,0,0,0,0,0,0,0,0,0,0,0
iyankovsky/clean-architecture-example,3,0,3,0,2,2,2,0,0,0,1,1,0,0,0,0,0,0,0,0,0,0,0,0,0,0,0,0,0,0,0,0,0,0,0,0,0,0,0
yangpeihai/redis-manager,1,1,0,0,1,0,0,0,0,0,0,0,0,0,0,0,0,0,0,0,0,0,0,0,0,1,1,0,0,0,0,0,0,0,0,0,0,0,0
cmx1/redis-manager,1,0,1,0,1,0,0,0,0,0,0,0,0,0,0,0,0,0,0,0,0,0,0,0,0,0,0,0,0,0,1,1,0,0,0,0,0,0,0
jz3p/redis-manager,13,10,3,0,5,8,8,0,0,0,0,0,0,0,0,0,0,0,1,1,0,0,0,0,0,0,0,0,0,0,2,1,0,0,0,0,0,0,2
TrumanDu/redis-manager,4,0,4,0,4,1,1,0,0,0,0,0,1,1,0,0,1,1,0,0,0,0,0,0,0,0,0,0,0,0,0,0,0,0,0,0,0,0,2
dsczs/redis-manager,367,0,367,0,10,32,32,2,0,0,0,0,1,1,0,0,9,9,0,0,0,0,0,0,0,0,0,0,0,0,1,1,0,0,0,0,7,7,316
hellosix/redis-manager,0,0,0,0,0,0,0,0,0,0,0,0,0,0,0,0,0,0,0,0,0,0,0,0,0,0,0,0,0,0,0,0,0,0,0,0,0,0,0
linzhouzhi/redis-manager,0,0,0,0,0,0,0,0,0,0,0,0,0,0,0,0,0,0,0,0,0,0,0,0,0,0,0,0,0,0,0,0,0,0,0,0,0,0,0
bit-star/jhipster,0,0,0,0,0,0,0,0,0,0,0,0,0,0,0,0,0,0,0,0,0,0,0,0,0,0,0,0,0,0,0,0,0,0,0,0,0,0,0
xiaoyuMo/jhipster,0,0,0,0,0,0,0,0,0,0,0,0,0,0,0,0,0,0,0,0,0,0,0,0,0,0,0,0,0,0,0,0,0,0,0,0,0,0,0
VinodAnandan/jhipster,1,0,1,0,1,0,0,0,0,0,0,0,1,1,0,0,1,1,0,0,0,0,0,0,0,0,0,0,0,0,0,0,0,0,0,0,0,0,0
Tcharl/jhipster,61,5,56,0,4,40,40,0,0,0,0,0,16,5,0,0,19,6,0,0,0,0,0,0,0,1,1,0,0,0,0,0,0,0,0,0,0,0,1
JoffreyDcu/jhipster,4,0,4,0,2,2,2,0,0,0,0,0,2,1,0,0,2,1,0,0,0,0,0,0,0,0,0,0,0,0,0,0,0,0,0,0,0,0,0
wwjiang007/jhipster,0,0,0,0,0,0,0,0,0,0,0,0,0,0,0,0,0,0,0,0,0,0,0,0,0,0,0,0,0,0,0,0,0,0,0,0,0,0,0
siliang42/todolist,6,0,6,0,3,2,2,3,0,0,1,1,0,0,0,0,0,0,0,0,0,0,0,0,0,0,0,0,0,0,0,0,0,0,0,0,0,0,0
GavinliSH/gradle-examples,1,1,0,0,0,0,0,0,0,0,0,0,0,0,0,0,0,0,0,0,0,0,0,0,0,0,0,0,0,0,0,0,0,0,0,0,0,0,1
Bragrel/gradle-examples,102,3,97,2,2,0,0,58,0,0,44,3,0,0,0,0,0,0,0,0,0,0,0,0,0,0,0,0,0,0,0,0,0,0,0,0,0,0,0
onlinejenkinstrainings/gradle-examples,1,0,1,0,1,0,0,0,0,0,0,0,0,0,0,0,0,0,0,0,1,0,1,0,0,0,0,0,0,0,0,0,0,0,0,0,0,0,0
snagarajudmm/gradle-examples,1,0,1,0,1,0,0,0,0,0,1,1,0,0,0,0,0,0,0,0,0,0,0,0,0,0,0,0,0,0,0,0,0,0,0,0,0,0,0
zcstl/gradle-examples,1,0,1,0,1,0,0,0,0,0,1,1,0,0,0,0,0,0,0,0,0,0,0,0,0,0,0,0,0,0,0,0,0,0,0,0,0,0,0
4admin2root/gradle-examples,4,0,4,0,1,0,0,0,0,0,4,2,0,0,0,0,0,0,0,0,0,0,0,0,0,0,0,0,0,0,0,0,0,0,0,0,0,0,0
kumarchowdary536/gradle-examples,2,0,2,0,1,0,0,0,0,0,2,1,0,0,0,0,0,0,0,0,0,0,0,0,0,0,0,0,0,0,0,0,0,0,0,0,0,0,0
liawmike/gradle-examples,2,0,1,1,2,0,0,0,0,0,1,1,0,0,0,0,0,0,0,0,1,0,1,0,0,0,0,0,0,0,0,0,0,0,0,0,0,0,0
deevodavis71/gradle-examples,3,0,3,0,1,0,0,0,0,0,3,2,0,0,0,0,0,0,0,0,0,0,0,0,0,0,0,0,0,0,0,0,0,0,0,0,0,0,0
vydra/gradle-examples,6,4,2,0,4,0,0,1,1,1,2,1,0,0,0,0,0,0,1,1,0,0,0,0,0,0,0,0,0,0,0,0,0,0,0,0,0,0,1
Babbie/gradle-examples,58,0,1,57,6,25,25,7,0,0,9,9,0,0,0,0,0,0,0,0,9,0,9,0,0,0,0,0,0,0,0,0,0,0,0,0,0,0,8
Melondad/gradle-examples,2,2,0,0,2,0,0,0,0,0,1,1,0,0,0,0,0,0,0,0,0,0,0,0,0,0,0,0,0,0,0,0,0,0,0,0,0,0,1
henriquesantos/gradle-examples,21,7,14,0,4,0,0,8,1,1,5,1,0,0,0,0,0,0,1,1,0,0,0,0,0,0,0,0,0,0,0,0,0,0,0,0,0,0,6
jwojciak/spring-xd,16,0,16,0,3,13,13,2,0,0,1,1,0,0,0,0,0,0,0,0,0,0,0,0,0,0,0,0,0,0,0,0,0,0,0,0,0,0,0
ObjectivityLtd/spring-xd,16,0,16,0,3,13,13,2,0,0,1,1,0,0,0,0,0,0,0,0,0,0,0,0,0,0,0,0,0,0,0,0,0,0,0,0,0,0,0
zmyer/spring-xd,0,0,0,0,0,0,0,0,0,0,0,0,0,0,0,0,0,0,0,0,0,0,0,0,0,0,0,0,0,0,0,0,0,0,0,0,0,0,0
minilong/spring-xd,5,0,5,0,3,3,1,0,0,0,0,0,0,0,0,0,1,1,0,0,1,0,1,0,0,0,0,0,0,0,0,0,0,0,0,0,0,0,0
sapient-support/spring-xd,14,0,14,0,4,0,0,2,0,0,2,1,0,0,0,0,0,0,0,0,1,0,1,0,0,0,0,0,0,9,0,0,0,0,0,0,0,0,9
qdubious/spring-xd-actor,2,0,2,0,1,0,0,2,0,0,0,0,0,0,0,0,0,0,0,0,0,0,0,0,0,0,0,0,0,0,0,0,0,0,0,0,0,0,0
sridharpaladugu/spring-xd,7,0,7,0,3,4,2,0,0,0,0,0,0,0,0,0,1,1,0,0,0,0,0,0,0,0,0,0,0,0,0,0,0,0,0,0,0,0,2
mohdaliiqbal/spring-xd,3,0,3,0,0,0,0,0,0,0,0,0,0,0,0,0,0,0,0,0,0,0,0,0,0,0,0,0,0,0,0,0,0,0,0,0,0,0,3
LinkedList/spring-xd,3,0,3,0,3,0,0,0,0,0,0,0,0,0,0,0,0,0,0,0,1,0,1,0,0,0,0,0,0,0,1,1,0,0,0,0,0,0,1
ollie314/spring-xd,0,0,0,0,0,0,0,0,0,0,0,0,0,0,0,0,0,0,0,0,0,0,0,0,0,0,0,0,0,0,0,0,0,0,0,0,0,0,0
toffentoffen/spring-xd,1,0,1,0,1,0,0,0,0,0,0,0,0,0,0,0,0,0,0,0,0,0,0,0,0,0,0,0,0,0,0,0,0,0,0,0,0,0,1
liwang0513/spring-xd,1,0,1,0,1,1,1,0,0,0,0,0,0,0,0,0,0,0,0,0,0,0,0,0,0,0,0,0,0,0,0,0,0,0,0,0,0,0,0
BoykoAlex/spring-xd,2,0,2,0,1,2,1,0,0,0,0,0,0,0,0,0,0,0,0,0,0,0,0,0,0,0,0,0,0,0,0,0,0,0,0,0,0,0,0
ruze00/spring-xd,0,0,0,0,0,0,0,0,0,0,0,0,0,0,0,0,0,0,0,0,0,0,0,0,0,0,0,0,0,0,0,0,0,0,0,0,0,0,0
whummer/spring-xd,7,0,7,0,3,5,4,0,0,0,0,0,0,0,0,0,1,1,0,0,0,0,0,0,0,0,0,0,0,0,0,0,0,0,0,0,0,0,1
ipsi/spring-xd,4,0,4,0,2,0,0,0,0,0,2,1,0,0,0,0,0,0,0,0,0,0,0,0,0,0,0,0,0,0,2,1,0,0,0,0,0,0,0
parikhkc/spring-xd,11,0,11,0,2,0,0,0,0,0,0,0,0,0,0,0,0,0,2,1,0,0,0,0,0,0,0,0,0,0,0,0,0,0,0,0,0,0,9
fmarchand/spring-xd,12,3,9,0,6,4,4,2,1,1,1,1,0,0,0,0,1,1,0,0,0,0,0,0,0,0,0,0,0,0,0,0,0,0,0,0,0,0,3
nagyist/spring-xd,8,4,4,0,3,4,4,0,0,0,2,1,0,0,0,0,2,1,0,0,0,0,0,0,0,0,0,0,0,0,0,0,0,0,0,0,0,0,0
liujiong1982/spring-xd,1,0,1,0,1,1,1,0,0,0,0,0,0,0,0,0,0,0,0,0,0,0,0,0,0,0,0,0,0,0,0,0,0,0,0,0,0,0,0
woltere/spring-xd,2,0,2,0,1,2,2,0,0,0,0,0,0,0,0,0,0,0,0,0,0,0,0,0,0,0,0,0,0,0,0,0,0,0,0,0,0,0,0
prismec/spring-xd,2,0,2,0,1,2,2,0,0,0,0,0,0,0,0,0,0,0,0,0,0,0,0,0,0,0,0,0,0,0,0,0,0,0,0,0,0,0,0
charliemblack/spring-xd,34,15,18,1,10,15,7,1,1,1,1,1,0,0,0,0,11,7,0,0,1,0,1,0,0,0,0,0,0,0,0,0,0,0,0,0,0,0,4
flamilton/spring-xd,3,1,2,0,2,0,0,0,0,0,1,1,0,0,0,0,2,1,0,0,0,0,0,0,0,0,0,0,0,0,0,0,0,0,0,0,0,0,0
xslogic/spring-xd,26,17,9,0,4,21,21,0,0,0,1,1,0,0,0,0,3,3,0,0,0,0,0,0,0,0,0,0,0,0,0,0,0,0,0,0,0,0,1
cdelashmutt/spring-xd,90,90,0,0,5,52,52,3,0,0,0,0,0,0,0,0,30,30,1,1,0,0,0,0,0,2,2,0,0,0,0,0,0,0,0,0,0,0,2
wkoh/spring-xd,4,0,4,0,1,0,0,0,0,0,0,0,0,0,0,0,0,0,2,2,0,0,0,0,0,0,0,0,0,0,0,0,0,0,0,0,0,0,2
xixinlove/springboot-weapp-demo,186,184,2,0,5,0,0,2,0,0,0,0,0,0,0,0,178,89,0,0,0,0,0,0,0,0,0,0,0,0,0,0,0,0,0,0,0,0,6
leejean/springboot-weapp-demo,12,6,6,0,5,6,6,0,0,0,0,0,0,0,0,0,0,0,0,0,0,0,0,0,0,0,0,0,0,0,0,0,0,0,0,0,0,0,6
gitgoready/springboot-weapp-demo,5,0,5,0,3,3,3,1,0,0,0,0,1,1,0,0,1,1,0,0,0,0,0,0,0,0,0,0,0,0,0,0,0,0,0,0,0,0,0
makeaini/springboot-weapp-demo,6,1,5,0,1,6,6,0,0,0,0,0,0,0,0,0,0,0,0,0,0,0,0,0,0,0,0,0,0,0,0,0,0,0,0,0,0,0,0
pksinghus/amazon-ecs-java-microservices,1,0,1,0,1,0,0,0,0,0,0,0,0,0,0,0,0,0,0,0,0,0,0,0,0,0,0,0,0,0,0,0,0,0,0,0,0,0,1
prash315/amazon-ecs-java-microservices,2,1,1,0,1,0,0,0,0,0,0,0,0,0,0,0,0,0,0,0,0,0,0,0,0,0,0,0,0,2,0,0,0,0,0,0,0,0,2
oluadekoya1/amazon-ecs-java-microservices,1,1,0,0,1,0,0,0,0,0,0,0,0,0,0,0,0,0,0,0,0,0,0,0,0,0,0,0,0,0,1,1,0,0,0,0,0,0,0
sudhakarVuppalapati/amazon-ecs-java-microservices,2,2,0,0,1,0,0,0,0,0,0,0,0,0,0,0,0,0,0,0,0,0,0,0,0,1,1,0,0,0,0,0,0,0,0,0,0,0,1
isvlabs/amazon-ecs-java-microservices,2,1,1,0,2,0,0,0,0,0,0,0,0,0,0,0,0,0,0,0,0,0,0,0,0,0,0,0,0,0,0,0,0,0,0,0,0,0,2
royjoydeep1/amazon-ecs-java-microservices,8,8,0,0,2,0,0,0,0,0,0,0,0,0,0,0,0,0,0,0,0,0,0,6,6,0,0,0,0,0,0,0,0,0,0,0,0,0,2
stevenlee2018/amazon-ecs-java-microservices,7,0,7,0,2,0,0,0,0,0,0,0,0,0,0,0,0,0,0,0,0,0,0,0,0,0,0,0,0,0,0,0,0,0,0,0,0,0,7
voyagerwoo/amazon-ecs-java-microservices,4,2,2,0,3,0,0,0,0,0,0,0,1,1,0,0,1,1,0,0,0,0,0,0,0,0,0,1,1,0,0,0,0,0,0,0,0,0,2
hauk3wu1ff/amazon-ecs-java-microservices,41,14,27,0,5,0,0,0,0,0,0,0,0,0,0,0,0,0,0,0,8,0,8,0,0,0,0,12,5,0,0,0,3,2,0,0,0,0,18
danieljipa/S3Mock,1,0,1,0,1,0,0,0,0,0,0,0,0,0,0,0,0,0,0,0,0,0,0,0,0,1,1,0,0,0,0,0,0,0,0,0,0,0,0
hervold/S3Mock,2,0,2,0,1,2,1,0,0,0,0,0,0,0,0,0,0,0,0,0,0,0,0,0,0,0,0,0,0,0,0,0,0,0,0,0,0,0,0
lennartblom/S3Mock,31,1,30,0,2,29,6,0,0,0,0,0,1,1,0,0,1,1,0,0,0,0,0,0,0,0,0,0,0,0,0,0,0,0,0,0,0,0,1
brian-mcnamara/S3Mock,1,1,0,0,1,1,1,0,0,0,0,0,0,0,0,0,0,0,0,0,0,0,0,0,0,0,0,0,0,0,0,0,0,0,0,0,0,0,0
kevinulrich/S3Mock,2,0,2,0,1,2,1,0,0,0,0,0,0,0,0,0,0,0,0,0,0,0,0,0,0,0,0,0,0,0,0,0,0,0,0,0,0,0,0
sparlampe/S3Mock,2,0,2,0,2,1,1,0,0,0,0,0,1,1,0,0,1,1,0,0,0,0,0,0,0,0,0,0,0,0,0,0,0,0,0,0,0,0,0
sdavids13/S3Mock,6,0,6,0,1,6,3,0,0,0,0,0,0,0,0,0,0,0,0,0,0,0,0,0,0,0,0,0,0,0,0,0,0,0,0,0,0,0,0
konraifen88/S3Mock,2,0,2,0,1,2,2,0,0,0,0,0,0,0,0,0,0,0,0,0,0,0,0,0,0,0,0,0,0,0,0,0,0,0,0,0,0,0,0
cacarpenter/S3Mock,3,0,3,0,2,1,1,0,0,0,0,0,2,2,0,0,2,2,0,0,0,0,0,0,0,0,0,0,0,0,0,0,0,0,0,0,0,0,0
sfali/Adobe-S3Mock,2,0,2,0,1,2,2,0,0,0,0,0,0,0,0,0,0,0,0,0,0,0,0,0,0,0,0,0,0,0,0,0,0,0,0,0,0,0,0
ArnoTurelinckx/S3Mock,4,0,4,0,1,4,3,0,0,0,0,0,0,0,0,0,0,0,0,0,0,0,0,0,0,0,0,0,0,0,0,0,0,0,0,0,0,0,0
kjt01/jhipster-registry,14,4,10,0,1,0,0,0,0,0,0,0,0,0,0,0,0,0,0,0,0,0,0,0,0,0,0,0,0,0,13,11,0,0,0,0,0,0,1
bit-star/jhipster-registry,0,0,0,0,0,0,0,0,0,0,0,0,0,0,0,0,0,0,0,0,0,0,0,0,0,0,0,0,0,0,0,0,0,0,0,0,0,0,0
skywriter-systems/jhipster-registry,1,0,1,0,1,0,0,0,0,0,0,0,0,0,0,0,0,0,0,0,0,0,0,0,0,0,0,0,0,0,1,1,0,0,0,0,0,0,0
oraCare/lemeregister,12,3,8,1,4,0,0,0,0,0,0,0,1,1,0,0,1,1,0,0,3,0,3,0,0,0,0,0,0,0,4,3,0,0,0,0,3,2,1
deyaeddin/jhipster-registry,0,0,0,0,0,0,0,0,0,0,0,0,0,0,0,0,0,0,0,0,0,0,0,0,0,0,0,0,0,0,0,0,0,0,0,0,0,0,0
MetalMiner/jhipster-registry,1,0,1,0,1,0,0,0,0,0,0,0,0,0,0,0,0,0,0,0,0,0,0,0,0,0,0,0,0,1,0,0,0,0,0,0,0,0,1
inigoiparragirre/jhipster-registry,1,0,1,0,1,0,0,0,0,0,0,0,0,0,0,0,0,0,0,0,0,0,0,0,0,0,0,0,0,0,1,1,0,0,0,0,0,0,0
pervezcse/jhipster-registry,16,0,16,0,3,3,3,0,0,0,0,0,1,1,0,0,1,1,0,0,11,0,11,0,0,0,0,0,0,0,0,0,0,0,0,0,0,0,1
clement26695/jhipster-registry,1,1,0,0,1,0,0,0,0,0,0,0,0,0,0,0,0,0,0,0,0,0,0,0,0,0,0,0,0,0,1,1,0,0,0,0,0,0,0
13wolf/jhipster-registry,0,0,0,0,0,0,0,0,0,0,0,0,0,0,0,0,0,0,0,0,0,0,0,0,0,0,0,0,0,0,0,0,0,0,0,0,0,0,0
xiaoyuMo/jhipster-registry,0,0,0,0,0,0,0,0,0,0,0,0,0,0,0,0,0,0,0,0,0,0,0,0,0,0,0,0,0,0,0,0,0,0,0,0,0,0,0
bro0k/jhipster-registry,0,0,0,0,0,0,0,0,0,0,0,0,0,0,0,0,0,0,0,0,0,0,0,0,0,0,0,0,0,0,0,0,0,0,0,0,0,0,0
inngvar/jhipster-registry,0,0,0,0,0,0,0,0,0,0,0,0,0,0,0,0,0,0,0,0,0,0,0,0,0,0,0,0,0,0,0,0,0,0,0,0,0,0,0
jobykorahwizroots/jhipster-registry,1,0,1,0,1,1,1,0,0,0,0,0,0,0,0,0,0,0,0,0,0,0,0,0,0,0,0,0,0,0,0,0,0,0,0,0,0,0,0
xiaoshao/jhipster-registry,1,0,1,0,1,0,0,0,0,0,0,0,0,0,0,0,0,0,0,0,1,0,1,0,0,0,0,0,0,0,0,0,0,0,0,0,0,0,0
lesliedou/jhipster-registry,2,0,2,0,1,0,0,0,0,0,0,0,0,0,0,0,0,0,0,0,0,0,0,0,0,0,0,0,0,2,0,0,0,0,0,0,0,0,2
PiotrRozanski/jhipster-registry,5,0,5,0,1,0,0,0,0,0,0,0,0,0,0,0,0,0,0,0,0,0,0,0,0,0,0,0,0,0,5,3,0,0,0,0,0,0,0
nebnhoj/jhipster-registry,2,1,1,0,0,0,0,0,0,0,0,0,0,0,0,0,0,0,0,0,0,0,0,0,0,0,0,0,0,0,0,0,0,0,0,0,0,0,2
chenflat/cloud-registry,56,2,49,5,13,3,3,0,0,0,0,0,3,1,0,0,4,2,0,0,5,0,5,0,0,2,1,0,0,2,12,9,0,0,0,0,5,3,25
kazeki/jhipster-registry,0,0,0,0,0,0,0,0,0,0,0,0,0,0,0,0,0,0,0,0,0,0,0,0,0,0,0,0,0,0,0,0,0,0,0,0,0,0,0
Tangoe/jhipster-registry,24,3,21,0,9,1,1,0,0,0,0,0,0,0,0,0,0,0,2,2,0,0,0,0,0,0,0,0,0,0,10,3,0,0,0,0,0,0,11
mouadtk/jhipster-registry,1,0,1,0,1,0,0,0,0,0,0,0,0,0,0,0,0,0,0,0,0,0,0,0,0,0,0,0,0,0,1,1,0,0,0,0,0,0,0
somewhereMrli/jhipster-registry,1,0,1,0,1,0,0,0,0,0,0,0,0,0,0,0,0,0,0,0,0,0,0,0,0,0,0,0,0,0,0,0,0,0,0,0,1,1,0
mihaita-tinta/jhipster-registry,2,0,2,0,2,0,0,0,0,0,0,0,1,1,0,0,1,1,0,0,1,0,1,0,0,0,0,0,0,0,0,0,0,0,0,0,0,0,0
Qi-zheng/jhipster-registry,1,0,1,0,1,0,0,0,0,0,0,0,1,1,0,0,1,1,0,0,0,0,0,0,0,0,0,0,0,0,0,0,0,0,0,0,0,0,0
tornabene/jhipster-registry,8,0,4,4,4,4,4,0,0,0,0,0,2,1,0,0,2,1,0,0,0,0,0,0,0,0,0,0,0,0,0,0,0,0,0,0,1,1,1
langlearn/jhipster-registry,0,0,0,0,0,0,0,0,0,0,0,0,0,0,0,0,0,0,0,0,0,0,0,0,0,0,0,0,0,0,0,0,0,0,0,0,0,0,0
trifonnt/jhipster-registry,4,2,2,0,3,0,0,0,0,0,0,0,1,1,0,0,1,1,0,0,1,0,1,0,0,0,0,0,0,0,0,0,0,0,0,0,0,0,2
Jefferlau/jhipster-registry,1,0,1,0,1,0,0,0,0,0,0,0,1,1,0,0,1,1,0,0,0,0,0,0,0,0,0,0,0,0,0,0,0,0,0,0,0,0,0
sKaouech/jhipster-registry,4,0,4,0,1,0,0,0,0,0,0,0,0,0,0,0,0,0,0,0,0,0,0,0,0,0,0,0,0,0,4,4,0,0,0,0,0,0,0
hackathon-ici-conta-comigo/jhipster-registry,9,4,5,0,3,0,0,0,0,0,0,0,1,1,0,0,1,1,0,0,0,0,0,0,0,0,0,0,0,0,4,3,0,0,0,0,0,0,4
kanxg/jhipster-registry,1,0,1,0,1,0,0,0,0,0,0,0,0,0,0,0,0,0,0,0,0,0,0,0,0,0,0,0,0,0,1,1,0,0,0,0,0,0,0
jf8/jhipster-registry,1,1,0,0,1,0,0,0,0,0,0,0,0,0,0,0,0,0,0,0,0,0,0,0,0,0,0,0,0,0,1,1,0,0,0,0,0,0,0
The-Crocop/jhipster-registry,6,0,6,0,2,0,0,0,0,0,0,0,0,0,0,0,0,0,0,0,0,0,0,0,0,0,0,0,0,0,3,3,0,0,0,0,0,0,3
kacytunde/jhipster-registry,1,0,1,0,1,1,1,0,0,0,0,0,0,0,0,0,0,0,0,0,0,0,0,0,0,0,0,0,0,0,0,0,0,0,0,0,0,0,0
zongwu233/jhipster-registry,1,0,1,0,1,0,0,0,0,0,0,0,0,0,0,0,0,0,0,0,0,0,0,0,0,0,0,0,0,0,1,1,0,0,0,0,0,0,0
bmvakili/jhipster-registry,2,0,2,0,1,0,0,0,0,0,0,0,0,0,0,0,0,0,0,0,0,0,0,0,0,0,0,0,0,0,2,2,0,0,0,0,0,0,0
x19419378/jhipster-registry,569,282,5,282,23,58,58,0,0,0,0,0,1,1,0,0,2,2,0,0,8,0,8,0,0,2,2,0,0,0,3,3,0,0,0,0,26,26,470
babkamen/jhipster-registry,5,3,2,0,5,0,0,0,0,0,0,0,1,1,0,0,1,1,0,0,0,0,0,0,0,0,0,0,0,0,0,0,0,0,0,0,1,1,3
liperg/jhipster-registry,3,1,2,0,2,0,0,0,0,0,0,0,2,1,0,0,2,1,0,0,0,0,0,0,0,0,0,0,0,0,0,0,0,0,0,0,0,0,1
xixingzhe/Liudao,1,0,1,0,1,0,0,1,0,0,0,0,0,0,0,0,0,0,0,0,0,0,0,0,0,0,0,0,0,0,0,0,0,0,0,0,0,0,0
stackXu/dubbo-admin,1,1,0,0,1,0,0,0,0,0,0,0,0,0,0,0,0,0,0,0,0,0,0,0,0,0,0,0,0,0,0,0,0,0,0,0,0,0,1
huyaocheng/incubator-dubbo-admin,3,0,3,0,3,1,1,1,0,0,0,0,0,0,0,0,1,1,0,0,0,0,0,0,0,0,0,0,0,0,0,0,0,0,0,0,0,0,0
marcusfang/incubator-dubbo-admin,5,2,3,0,3,0,0,1,0,0,0,0,0,0,0,0,0,0,0,0,2,0,2,0,0,0,0,0,0,0,0,0,0,0,0,0,0,0,2
smartbetter/dubbo-ops,32,15,17,0,9,2,2,3,0,0,0,0,8,2,0,0,9,3,3,3,6,0,6,0,0,0,0,3,3,0,0,0,0,0,0,0,0,0,6
zhaobingss/incubator-dubbo-ops,2,0,2,0,1,2,2,0,0,0,0,0,0,0,0,0,0,0,0,0,0,0,0,0,0,0,0,0,0,0,0,0,0,0,0,0,0,0,0
kpp19920121/incubator-dubbo-ops,2,0,2,0,2,0,0,1,0,0,0,0,1,1,0,0,1,1,0,0,0,0,0,0,0,0,0,0,0,0,0,0,0,0,0,0,0,0,0
CedricDaniels/incubator-dubbo-ops,4,2,2,0,2,0,0,0,0,0,0,0,1,1,0,0,1,1,0,0,0,0,0,0,0,0,0,0,0,0,1,1,0,0,0,0,0,0,2
wenlaizhou/incubator-dubbo-ops,5,1,4,0,3,0,0,1,0,0,0,0,0,0,0,0,1,1,0,0,0,0,0,0,0,0,0,0,0,0,0,0,0,0,0,0,0,0,3
satansk/incubator-dubbo-ops,1,0,1,0,1,0,0,0,0,0,0,0,0,0,0,0,0,0,0,0,1,0,1,0,0,0,0,0,0,0,0,0,0,0,0,0,0,0,0
CREATE-AI/incubator-dubbo-ops,1,0,1,0,1,0,0,0,0,0,0,0,1,1,0,0,1,1,0,0,0,0,0,0,0,0,0,0,0,0,0,0,0,0,0,0,0,0,0
zhflemon/incubator-dubbo-ops,16,0,16,0,3,12,12,1,0,0,0,0,3,3,0,0,3,3,0,0,0,0,0,0,0,0,0,0,0,0,0,0,0,0,0,0,0,0,0
hupuxiaojun/incubator-dubbo-ops,4,0,4,0,2,3,3,1,0,0,0,0,0,0,0,0,0,0,0,0,0,0,0,0,0,0,0,0,0,0,0,0,0,0,0,0,0,0,0
mingbotang/incubator-dubbo-ops,7,0,7,0,2,0,0,4,0,0,0,0,0,0,0,0,3,3,0,0,0,0,0,0,0,0,0,0,0,0,0,0,0,0,0,0,0,0,0
arzyc/incubator-dubbo-ops,11,0,11,0,2,0,0,2,0,0,0,0,8,4,0,0,9,5,0,0,0,0,0,0,0,0,0,0,0,0,0,0,0,0,0,0,0,0,0
raoshihong/incubator-dubbo-ops,2,0,2,0,2,0,0,0,0,0,0,0,1,1,0,0,1,1,0,0,1,0,1,0,0,0,0,0,0,0,0,0,0,0,0,0,0,0,0
kinbod/incubator-dubbo-ops,0,0,0,0,0,0,0,0,0,0,0,0,0,0,0,0,0,0,0,0,0,0,0,0,0,0,0,0,0,0,0,0,0,0,0,0,0,0,0
VioletLife/incubator-dubbo-ops,9,1,8,0,2,3,3,6,0,0,0,0,0,0,0,0,0,0,0,0,0,0,0,0,0,0,0,0,0,0,0,0,0,0,0,0,0,0,0
akileecn/incubator-dubbo-ops,4,0,4,0,3,0,0,1,0,0,0,0,2,1,0,0,2,1,0,0,0,0,0,0,0,0,0,0,0,0,0,0,0,0,0,0,0,0,1
realhj/incubator-dubbo-ops,3,0,3,0,1,0,0,3,0,0,0,0,0,0,0,0,0,0,0,0,0,0,0,0,0,0,0,0,0,0,0,0,0,0,0,0,0,0,0
tookday12/incubator-dubbo-ops,1,0,1,0,1,1,1,0,0,0,0,0,0,0,0,0,0,0,0,0,0,0,0,0,0,0,0,0,0,0,0,0,0,0,0,0,0,0,0
diamondblack/incubator-dubbo-ops,2,0,2,0,2,0,0,1,0,0,0,0,0,0,0,0,1,1,0,0,0,0,0,0,0,0,0,0,0,0,0,0,0,0,0,0,0,0,0
giraffe8/incubator-dubbo-ops,1,0,1,0,1,0,0,0,0,0,0,0,1,1,0,0,1,1,0,0,0,0,0,0,0,0,0,0,0,0,0,0,0,0,0,0,0,0,0
gong/incubator-dubbo-ops,61,0,60,1,4,5,5,1,0,0,0,0,1,1,0,0,2,2,0,0,0,0,0,0,0,0,0,0,0,0,0,0,0,0,0,0,0,0,53
danhua521/incubator-dubbo-ops,4,2,2,0,1,4,2,0,0,0,0,0,0,0,0,0,0,0,0,0,0,0,0,0,0,0,0,0,0,0,0,0,0,0,0,0,0,0,0
enjoyor-runlu/incubator-dubbo-ops,39,4,35,0,4,18,6,4,0,0,0,0,12,3,0,0,12,3,0,0,0,0,0,0,0,0,0,5,1,0,0,0,0,0,0,0,0,0,0
cedarx/incubator-dubbo-ops,6,1,5,0,4,1,1,1,0,0,0,0,0,0,0,0,0,0,0,0,0,0,0,0,0,0,0,0,0,0,0,0,0,0,0,0,0,0,4
397412086/dubbo-ops,8,8,0,0,1,8,8,0,0,0,0,0,0,0,0,0,0,0,0,0,0,0,0,0,0,0,0,0,0,0,0,0,0,0,0,0,0,0,0
songpengpeng/dubbo-ops,0,0,0,0,0,0,0,0,0,0,0,0,0,0,0,0,0,0,0,0,0,0,0,0,0,0,0,0,0,0,0,0,0,0,0,0,0,0,0
cpthack/dubbo-ops,27,5,22,0,7,12,6,3,0,0,0,0,1,1,0,0,5,3,0,0,2,0,2,0,0,0,0,0,0,0,0,0,0,0,0,0,0,0,5
huadong/dubbo-ops,4,0,4,0,4,0,0,1,0,0,0,0,1,1,0,0,1,1,0,0,0,0,0,0,0,0,0,1,1,0,0,0,0,0,0,0,0,0,1
1621740748/SpringBootExamples,75,72,3,0,4,4,4,0,0,0,0,0,0,0,0,0,0,0,0,0,0,0,0,0,0,0,0,0,0,0,0,0,0,0,0,0,0,0,71
edidada/SpringBootExamples,5,2,3,0,3,0,0,1,0,0,0,0,1,1,0,0,2,2,0,0,2,0,2,0,0,0,0,0,0,0,0,0,0,0,0,0,0,0,0
addstone/SpringBootExamples,2,0,2,0,1,0,0,0,0,0,0,0,0,0,0,0,0,0,0,0,0,0,0,0,0,0,0,0,0,0,0,0,0,0,0,0,0,0,2
MicrophoneBen/SpringBootExamples,34,19,15,0,8,20,17,4,1,1,0,0,4,4,0,0,4,4,0,0,1,0,1,1,1,0,0,0,0,0,2,1,0,0,0,0,0,0,1
yejg/SpringBootExamples,115,113,2,0,11,1,1,1,0,0,0,0,0,0,0,0,0,0,0,0,0,0,0,0,0,0,0,0,0,0,0,0,0,0,0,0,0,0,113
javaage/spring-boot-examples,19,8,11,0,7,6,5,5,0,0,0,0,1,1,0,0,1,1,0,0,2,0,2,0,0,0,0,0,0,0,0,0,0,0,0,0,0,0,5
future1314/spring-boot-examples,26,17,9,0,4,20,12,3,0,0,0,0,2,2,0,0,2,2,0,0,0,0,0,0,0,0,0,0,0,0,0,0,0,0,0,0,0,0,1
cnipr/spring-boot-examples,11,4,7,0,2,8,6,3,0,0,0,0,0,0,0,0,0,0,0,0,0,0,0,0,0,0,0,0,0,0,0,0,0,0,0,0,0,0,0
luckdream/spring-boot-examples,3,0,3,0,2,2,2,0,0,0,0,0,1,1,0,0,1,1,0,0,0,0,0,0,0,0,0,0,0,0,0,0,0,0,0,0,0,0,0
tubalu/spring-boot-examples,6,1,5,0,3,0,0,1,0,0,0,0,4,4,0,0,4,4,0,0,0,0,0,0,0,0,0,0,0,0,0,0,0,0,0,0,0,0,1
hamelmoon/java-spring-cloud,10,7,3,0,2,9,8,0,0,0,0,0,0,0,0,0,0,0,0,0,0,0,0,0,0,0,0,0,0,0,0,0,0,0,0,0,0,0,1
KaiStapel/java-spring-cloud,1,0,1,0,1,1,1,0,0,0,0,0,0,0,0,0,0,0,0,0,0,0,0,0,0,0,0,0,0,0,0,0,0,0,0,0,0,0,0
tomakehurst/java-spring-cloud,3,0,3,0,1,3,2,0,0,0,0,0,0,0,0,0,0,0,0,0,0,0,0,0,0,0,0,0,0,0,0,0,0,0,0,0,0,0,0
vmaleze/java-spring-cloud,13,3,10,0,5,7,4,0,0,0,0,0,3,2,0,0,3,2,0,0,1,0,1,0,0,0,0,0,0,0,0,0,0,0,0,0,1,1,1
ask4gilles/java-spring-cloud,1,0,1,0,1,0,0,0,0,0,0,0,1,1,0,0,1,1,0,0,0,0,0,0,0,0,0,0,0,0,0,0,0,0,0,0,0,0,0
msvab/java-spring-cloud,1,0,1,0,1,1,1,0,0,0,0,0,0,0,0,0,0,0,0,0,0,0,0,0,0,0,0,0,0,0,0,0,0,0,0,0,0,0,0
threeq/java-spring-cloud,29,0,29,0,3,18,12,0,0,0,0,0,8,3,0,0,8,3,0,0,0,0,0,0,0,0,0,0,0,1,0,0,0,0,0,0,0,0,3
gytis/java-spring-cloud,3,0,3,0,2,0,0,0,0,0,0,0,1,1,0,0,1,1,0,0,0,0,0,0,0,0,0,0,0,1,0,0,0,0,0,0,0,0,2
fan2008shuai/sofa-registry,36,3,33,0,3,23,18,3,0,0,0,0,2,2,0,0,10,7,0,0,0,0,0,0,0,0,0,0,0,0,0,0,0,0,0,0,0,0,0
guanchao-yang/sofa-registry,2,0,2,0,2,1,1,1,0,0,0,0,0,0,0,0,0,0,0,0,0,0,0,0,0,0,0,0,0,0,0,0,0,0,0,0,0,0,0
hanzhaoxin/sofa-registry,0,0,0,0,0,0,0,0,0,0,0,0,0,0,0,0,0,0,0,0,0,0,0,0,0,0,0,0,0,0,0,0,0,0,0,0,0,0,0
Synex-wh/sofa-registry,42,0,42,0,3,10,9,1,0,0,0,0,31,30,0,0,31,30,0,0,0,0,0,0,0,0,0,0,0,0,0,0,0,0,0,0,0,0,0
caojie09/sofa-registry,0,0,0,0,0,0,0,0,0,0,0,0,0,0,0,0,0,0,0,0,0,0,0,0,0,0,0,0,0,0,0,0,0,0,0,0,0,0,0
UncleWanger/jax-rs2-guide,5,0,5,0,2,4,3,0,0,0,0,0,0,0,0,0,0,0,0,0,0,0,0,0,0,0,0,0,0,0,0,0,0,0,0,0,0,0,1
mywaystay/jax-rs2-guide,9,0,9,0,3,3,3,0,0,0,0,0,2,2,0,0,5,5,0,0,0,0,0,0,0,0,0,0,0,0,0,0,0,0,0,0,0,0,1
huangweiwei1919/jax-rs2-guide,17,15,2,0,11,0,0,0,0,0,0,0,0,0,0,0,5,5,0,0,0,0,0,0,0,0,0,0,0,0,0,0,0,0,0,0,0,0,12
spoplavskiy/hono,2,0,2,0,2,0,0,0,0,0,0,0,0,0,0,0,0,0,0,0,1,0,1,1,1,0,0,0,0,0,0,0,0,0,0,0,0,0,0
vladrotea/hono,1,0,1,0,1,0,0,0,0,0,0,0,0,0,0,0,0,0,0,0,1,0,1,0,0,0,0,0,0,0,0,0,0,0,0,0,0,0,0
pho-enix/hono,7,0,7,0,1,7,3,0,0,0,0,0,0,0,0,0,0,0,0,0,0,0,0,0,0,0,0,0,0,0,0,0,0,0,0,0,0,0,0
osswangxining/hono,95,73,22,0,10,41,38,2,0,0,0,0,9,5,0,0,14,9,0,0,2,0,2,0,0,3,2,0,0,0,12,9,0,0,0,0,2,2,19
francois-travais/hono,4,0,4,0,1,4,4,0,0,0,0,0,0,0,0,0,0,0,0,0,0,0,0,0,0,0,0,0,0,0,0,0,0,0,0,0,0,0,0
kinbod/hono,0,0,0,0,0,0,0,0,0,0,0,0,0,0,0,0,0,0,0,0,0,0,0,0,0,0,0,0,0,0,0,0,0,0,0,0,0,0,0
dejanb/hono,13,5,8,0,3,9,9,0,0,0,0,0,3,3,0,0,3,3,0,0,1,0,1,0,0,0,0,0,0,0,0,0,0,0,0,0,0,0,0
crenz/hono,0,0,0,0,0,0,0,0,0,0,0,0,0,0,0,0,0,0,0,0,0,0,0,0,0,0,0,0,0,0,0,0,0,0,0,0,0,0,0
Luckylau/nacos,2,0,2,0,2,0,0,1,0,0,0,0,1,1,0,0,1,1,0,0,0,0,0,0,0,0,0,0,0,0,0,0,0,0,0,0,0,0,0
TingTop/nacos,2,0,2,0,2,0,0,1,0,0,0,0,1,1,0,0,1,1,0,0,0,0,0,0,0,0,0,0,0,0,0,0,0,0,0,0,0,0,0
zhuwenwen0/nacos,18,0,18,0,1,18,16,0,0,0,0,0,0,0,0,0,0,0,0,0,0,0,0,0,0,0,0,0,0,0,0,0,0,0,0,0,0,0,0
naturezhm/nacos,1,0,1,0,1,1,1,0,0,0,0,0,0,0,0,0,0,0,0,0,0,0,0,0,0,0,0,0,0,0,0,0,0,0,0,0,0,0,0
Ka1beatsCN/nacos,22,4,18,0,4,8,4,1,0,0,0,0,2,2,0,0,2,2,0,0,0,0,0,0,0,0,0,0,0,0,0,0,0,0,0,0,0,0,11
lujun920/nacos,1,0,1,0,1,0,0,0,0,0,0,0,0,0,0,0,0,0,0,0,0,0,0,0,0,0,0,0,0,0,0,0,0,0,0,0,0,0,1
pengzai170/nacos,5,0,5,0,1,5,5,0,0,0,0,0,0,0,0,0,0,0,0,0,0,0,0,0,0,0,0,0,0,0,0,0,0,0,0,0,0,0,0
1346735074/nacos,0,0,0,0,0,0,0,0,0,0,0,0,0,0,0,0,0,0,0,0,0,0,0,0,0,0,0,0,0,0,0,0,0,0,0,0,0,0,0
jiacheo/nacos,5,0,5,0,1,5,5,0,0,0,0,0,0,0,0,0,0,0,0,0,0,0,0,0,0,0,0,0,0,0,0,0,0,0,0,0,0,0,0
rexlin600/nacos,85,4,8,73,10,42,42,6,0,0,0,0,7,5,0,0,14,12,0,0,10,0,10,0,0,0,0,2,2,0,0,0,0,0,0,0,0,0,11
qxo/nacos,1,0,1,0,1,0,0,0,0,0,0,0,0,0,0,0,0,0,0,0,0,0,0,0,0,0,0,0,0,0,0,0,0,0,0,0,0,0,1
pengzhetech/nacos,1,0,1,0,1,0,0,1,0,0,0,0,0,0,0,0,0,0,0,0,0,0,0,0,0,0,0,0,0,0,0,0,0,0,0,0,0,0,0
choleece/nacos,4,0,4,0,1,4,4,0,0,0,0,0,0,0,0,0,0,0,0,0,0,0,0,0,0,0,0,0,0,0,0,0,0,0,0,0,0,0,0
lcg72/nacos,0,0,0,0,0,0,0,0,0,0,0,0,0,0,0,0,0,0,0,0,0,0,0,0,0,0,0,0,0,0,0,0,0,0,0,0,0,0,0
niget/nacos,1,0,1,0,1,1,1,0,0,0,0,0,0,0,0,0,0,0,0,0,0,0,0,0,0,0,0,0,0,0,0,0,0,0,0,0,0,0,0
gangzi828/nacos,0,0,0,0,0,0,0,0,0,0,0,0,0,0,0,0,0,0,0,0,0,0,0,0,0,0,0,0,0,0,0,0,0,0,0,0,0,0,0
LuanLouis/nacos,2,0,2,0,1,2,2,0,0,0,0,0,0,0,0,0,0,0,0,0,0,0,0,0,0,0,0,0,0,0,0,0,0,0,0,0,0,0,0
aswl8225/nacos,10,3,7,0,2,9,9,1,0,0,0,0,0,0,0,0,0,0,0,0,0,0,0,0,0,0,0,0,0,0,0,0,0,0,0,0,0,0,0
nhniu/nacos,4,2,2,0,2,3,3,0,0,0,0,0,1,1,0,0,1,1,0,0,0,0,0,0,0,0,0,0,0,0,0,0,0,0,0,0,0,0,0
huangyangcong/nacos,0,0,0,0,0,0,0,0,0,0,0,0,0,0,0,0,0,0,0,0,0,0,0,0,0,0,0,0,0,0,0,0,0,0,0,0,0,0,0
umi-soft/umi-nacos,0,0,0,0,0,0,0,0,0,0,0,0,0,0,0,0,0,0,0,0,0,0,0,0,0,0,0,0,0,0,0,0,0,0,0,0,0,0,0
fangjianmin/nacos,0,0,0,0,0,0,0,0,0,0,0,0,0,0,0,0,0,0,0,0,0,0,0,0,0,0,0,0,0,0,0,0,0,0,0,0,0,0,0
zorkelvll/nacos,1,0,1,0,1,0,0,0,0,0,0,0,0,0,0,0,0,0,0,0,0,0,0,0,0,0,0,0,0,0,0,0,0,0,0,0,0,0,1
sky-tc/nacos,2,0,2,0,2,1,1,1,0,0,0,0,0,0,0,0,0,0,0,0,0,0,0,0,0,0,0,0,0,0,0,0,0,0,0,0,0,0,0
cnxk2009/nacos,1,0,1,0,1,0,0,0,0,0,0,0,0,0,0,0,0,0,0,0,1,0,1,0,0,0,0,0,0,0,0,0,0,0,0,0,0,0,0
caofangqi/nacos,0,0,0,0,0,0,0,0,0,0,0,0,0,0,0,0,0,0,0,0,0,0,0,0,0,0,0,0,0,0,0,0,0,0,0,0,0,0,0
wxq8783/nacos,0,0,0,0,0,0,0,0,0,0,0,0,0,0,0,0,0,0,0,0,0,0,0,0,0,0,0,0,0,0,0,0,0,0,0,0,0,0,0
fjfd/nacos,1,0,0,1,1,0,0,0,0,0,0,0,0,0,0,0,0,0,0,0,1,0,1,0,0,0,0,0,0,0,0,0,0,0,0,0,0,0,0
luoxn28/nacos,1,0,1,0,1,1,1,0,0,0,0,0,0,0,0,0,0,0,0,0,0,0,0,0,0,0,0,0,0,0,0,0,0,0,0,0,0,0,0
jmu/nacos,0,0,0,0,0,0,0,0,0,0,0,0,0,0,0,0,0,0,0,0,0,0,0,0,0,0,0,0,0,0,0,0,0,0,0,0,0,0,0
DayoWang/nacos,0,0,0,0,0,0,0,0,0,0,0,0,0,0,0,0,0,0,0,0,0,0,0,0,0,0,0,0,0,0,0,0,0,0,0,0,0,0,0
gnehcgnaw/nacos,706,0,706,0,33,414,414,11,1,1,0,0,14,12,0,0,23,21,0,0,10,0,10,0,0,1,1,2,2,1,0,0,0,0,0,0,3,3,241
ylh23y/nacos,0,0,0,0,0,0,0,0,0,0,0,0,0,0,0,0,0,0,0,0,0,0,0,0,0,0,0,0,0,0,0,0,0,0,0,0,0,0,0
martixZero/nacos,0,0,0,0,0,0,0,0,0,0,0,0,0,0,0,0,0,0,0,0,0,0,0,0,0,0,0,0,0,0,0,0,0,0,0,0,0,0,0
LEmuRIAatCN/nacos,0,0,0,0,0,0,0,0,0,0,0,0,0,0,0,0,0,0,0,0,0,0,0,0,0,0,0,0,0,0,0,0,0,0,0,0,0,0,0
scxwhite/nacos,2,0,2,0,1,0,0,0,0,0,0,0,0,0,0,0,0,0,0,0,0,0,0,0,0,0,0,0,0,0,0,0,0,0,0,0,0,0,2
zcs20082015/nacos,2,0,2,0,2,0,0,1,0,0,0,0,1,1,0,0,1,1,0,0,0,0,0,0,0,0,0,0,0,0,0,0,0,0,0,0,0,0,0
455586841/nacos,0,0,0,0,0,0,0,0,0,0,0,0,0,0,0,0,0,0,0,0,0,0,0,0,0,0,0,0,0,0,0,0,0,0,0,0,0,0,0
fudali113/nacos,1,0,1,0,1,0,0,0,0,0,0,0,0,0,0,0,0,0,0,0,0,0,0,0,0,0,0,1,1,0,0,0,0,0,0,0,0,0,0
IsaacZhang0614/nacos,1,0,1,0,1,1,1,0,0,0,0,0,0,0,0,0,0,0,0,0,0,0,0,0,0,0,0,0,0,0,0,0,0,0,0,0,0,0,0
IronCity/nacos,0,0,0,0,0,0,0,0,0,0,0,0,0,0,0,0,0,0,0,0,0,0,0,0,0,0,0,0,0,0,0,0,0,0,0,0,0,0,0
zsjdxc251/nacos,1,0,1,0,1,1,1,0,0,0,0,0,0,0,0,0,0,0,0,0,0,0,0,0,0,0,0,0,0,0,0,0,0,0,0,0,0,0,0
misselvexu/nacos,4,0,4,0,3,0,0,0,0,0,0,0,1,1,0,0,1,1,0,0,0,0,0,0,0,0,0,2,1,0,0,0,1,1,0,0,0,0,0
KeRan213539/nacos,0,0,0,0,0,0,0,0,0,0,0,0,0,0,0,0,0,0,0,0,0,0,0,0,0,0,0,0,0,0,0,0,0,0,0,0,0,0,0
jianzh5/nacos,1,0,1,0,1,1,1,0,0,0,0,0,0,0,0,0,0,0,0,0,0,0,0,0,0,0,0,0,0,0,0,0,0,0,0,0,0,0,0
FairyBanished/nacos,0,0,0,0,0,0,0,0,0,0,0,0,0,0,0,0,0,0,0,0,0,0,0,0,0,0,0,0,0,0,0,0,0,0,0,0,0,0,0
ice563102472/nacos,0,0,0,0,0,0,0,0,0,0,0,0,0,0,0,0,0,0,0,0,0,0,0,0,0,0,0,0,0,0,0,0,0,0,0,0,0,0,0
chuyuqiao/nacos,0,0,0,0,0,0,0,0,0,0,0,0,0,0,0,0,0,0,0,0,0,0,0,0,0,0,0,0,0,0,0,0,0,0,0,0,0,0,0
wangjuneng/nacos,4,0,4,0,1,4,4,0,0,0,0,0,0,0,0,0,0,0,0,0,0,0,0,0,0,0,0,0,0,0,0,0,0,0,0,0,0,0,0
nlg521/nacos,1,1,0,0,1,0,0,0,0,0,0,0,0,0,0,0,0,0,0,0,0,0,0,0,0,0,0,0,0,0,1,1,0,0,0,0,0,0,0
epple2012/nacos,0,0,0,0,0,0,0,0,0,0,0,0,0,0,0,0,0,0,0,0,0,0,0,0,0,0,0,0,0,0,0,0,0,0,0,0,0,0,0
mayavian/nacos,0,0,0,0,0,0,0,0,0,0,0,0,0,0,0,0,0,0,0,0,0,0,0,0,0,0,0,0,0,0,0,0,0,0,0,0,0,0,0
yangzhaoNB/nacos,2,0,2,0,1,2,2,0,0,0,0,0,0,0,0,0,0,0,0,0,0,0,0,0,0,0,0,0,0,0,0,0,0,0,0,0,0,0,0
yabaowang/nacos,10,1,8,1,7,0,0,2,0,0,0,0,0,0,0,0,0,0,0,0,0,0,0,0,0,0,0,1,1,0,0,0,1,1,0,0,2,2,4
FrankBian/nacos,0,0,0,0,0,0,0,0,0,0,0,0,0,0,0,0,0,0,0,0,0,0,0,0,0,0,0,0,0,0,0,0,0,0,0,0,0,0,0
yfh0918/nacos,1,0,1,0,1,1,1,0,0,0,0,0,0,0,0,0,0,0,0,0,0,0,0,0,0,0,0,0,0,0,0,0,0,0,0,0,0,0,0
nanamikon/nacos,1,0,1,0,1,0,0,0,0,0,0,0,0,0,0,0,0,0,0,0,0,0,0,0,0,0,0,0,0,0,0,0,0,0,0,0,0,0,1
DoolinMa/nacos,0,0,0,0,0,0,0,0,0,0,0,0,0,0,0,0,0,0,0,0,0,0,0,0,0,0,0,0,0,0,0,0,0,0,0,0,0,0,0
xuechaos/nacos,3,0,3,0,2,0,0,0,0,0,0,0,1,1,0,0,1,1,0,0,0,0,0,0,0,0,0,0,0,2,0,0,0,0,0,0,0,0,2
xminj/nacos,0,0,0,0,0,0,0,0,0,0,0,0,0,0,0,0,0,0,0,0,0,0,0,0,0,0,0,0,0,0,0,0,0,0,0,0,0,0,0
innerpeacez/nacos,0,0,0,0,0,0,0,0,0,0,0,0,0,0,0,0,0,0,0,0,0,0,0,0,0,0,0,0,0,0,0,0,0,0,0,0,0,0,0
VioletLife/nacos,2,0,2,0,1,2,2,0,0,0,0,0,0,0,0,0,0,0,0,0,0,0,0,0,0,0,0,0,0,0,0,0,0,0,0,0,0,0,0
chakawelkin/nacos,0,0,0,0,0,0,0,0,0,0,0,0,0,0,0,0,0,0,0,0,0,0,0,0,0,0,0,0,0,0,0,0,0,0,0,0,0,0,0
guipf/nacos,0,0,0,0,0,0,0,0,0,0,0,0,0,0,0,0,0,0,0,0,0,0,0,0,0,0,0,0,0,0,0,0,0,0,0,0,0,0,0
ITonyLi/nacos,8,0,8,0,1,8,6,0,0,0,0,0,0,0,0,0,0,0,0,0,0,0,0,0,0,0,0,0,0,0,0,0,0,0,0,0,0,0,0
cuisongliu/nacos,0,0,0,0,0,0,0,0,0,0,0,0,0,0,0,0,0,0,0,0,0,0,0,0,0,0,0,0,0,0,0,0,0,0,0,0,0,0,0
hupuxiaojun/nacos,0,0,0,0,0,0,0,0,0,0,0,0,0,0,0,0,0,0,0,0,0,0,0,0,0,0,0,0,0,0,0,0,0,0,0,0,0,0,0
xiaostart977/nacos,0,0,0,0,0,0,0,0,0,0,0,0,0,0,0,0,0,0,0,0,0,0,0,0,0,0,0,0,0,0,0,0,0,0,0,0,0,0,0
jingjiaguo/nacos,0,0,0,0,0,0,0,0,0,0,0,0,0,0,0,0,0,0,0,0,0,0,0,0,0,0,0,0,0,0,0,0,0,0,0,0,0,0,0
hxy1991/nacos,80,8,32,40,3,71,71,0,0,0,0,0,2,2,0,0,4,4,0,0,0,0,0,0,0,0,0,5,3,0,0,0,0,0,0,0,0,0,0
javartisan/nacos,2,0,2,0,1,2,2,0,0,0,0,0,0,0,0,0,0,0,0,0,0,0,0,0,0,0,0,0,0,0,0,0,0,0,0,0,0,0,0
meua/nacos,1,1,0,0,1,0,0,0,0,0,0,0,0,0,0,0,0,0,0,0,0,0,0,0,0,0,0,0,0,0,1,1,0,0,0,0,0,0,0
irusist/nacos,57,7,50,0,5,18,18,2,0,0,0,0,35,11,0,0,35,11,0,0,0,0,0,0,0,0,0,0,0,0,0,0,1,1,0,0,0,0,1
doublespring168/nacos,0,0,0,0,0,0,0,0,0,0,0,0,0,0,0,0,0,0,0,0,0,0,0,0,0,0,0,0,0,0,0,0,0,0,0,0,0,0,0
jimmycasey/nacos,2,0,2,0,1,2,2,0,0,0,0,0,0,0,0,0,0,0,0,0,0,0,0,0,0,0,0,0,0,0,0,0,0,0,0,0,0,0,0
snifferhu/nacos,1,0,1,0,1,0,0,0,0,0,0,0,0,0,0,0,0,0,0,0,0,0,0,0,0,0,0,0,0,0,0,0,1,1,0,0,0,0,0
lazyfighter/nacos,2,0,2,0,1,0,0,2,0,0,0,0,0,0,0,0,0,0,0,0,0,0,0,0,0,0,0,0,0,0,0,0,0,0,0,0,0,0,0
bao2313120/nacos,0,0,0,0,0,0,0,0,0,0,0,0,0,0,0,0,0,0,0,0,0,0,0,0,0,0,0,0,0,0,0,0,0,0,0,0,0,0,0
sierpys/nacos,77,0,77,0,2,76,57,0,0,0,0,0,1,1,0,0,1,1,0,0,0,0,0,0,0,0,0,0,0,0,0,0,0,0,0,0,0,0,0
zmyer/nacos,0,0,0,0,0,0,0,0,0,0,0,0,0,0,0,0,0,0,0,0,0,0,0,0,0,0,0,0,0,0,0,0,0,0,0,0,0,0,0
NeoGitCrt1/nacos,0,0,0,0,0,0,0,0,0,0,0,0,0,0,0,0,0,0,0,0,0,0,0,0,0,0,0,0,0,0,0,0,0,0,0,0,0,0,0
ovhn/nacos,1,0,1,0,1,0,0,0,0,0,0,0,0,0,0,0,0,0,0,0,1,0,1,0,0,0,0,0,0,0,0,0,0,0,0,0,0,0,0
caojiele/nacos,0,0,0,0,0,0,0,0,0,0,0,0,0,0,0,0,0,0,0,0,0,0,0,0,0,0,0,0,0,0,0,0,0,0,0,0,0,0,0
wwjiang007/nacos,0,0,0,0,0,0,0,0,0,0,0,0,0,0,0,0,0,0,0,0,0,0,0,0,0,0,0,0,0,0,0,0,0,0,0,0,0,0,0
hadoop835/nacos,0,0,0,0,0,0,0,0,0,0,0,0,0,0,0,0,0,0,0,0,0,0,0,0,0,0,0,0,0,0,0,0,0,0,0,0,0,0,0
zhongzunfa/nacos,0,0,0,0,0,0,0,0,0,0,0,0,0,0,0,0,0,0,0,0,0,0,0,0,0,0,0,0,0,0,0,0,0,0,0,0,0,0,0
yanlinly/nacos,0,0,0,0,0,0,0,0,0,0,0,0,0,0,0,0,0,0,0,0,0,0,0,0,0,0,0,0,0,0,0,0,0,0,0,0,0,0,0
tswstarplanet/nacos,0,0,0,0,0,0,0,0,0,0,0,0,0,0,0,0,0,0,0,0,0,0,0,0,0,0,0,0,0,0,0,0,0,0,0,0,0,0,0
xiaoyuMo/myth,0,0,0,0,0,0,0,0,0,0,0,0,0,0,0,0,0,0,0,0,0,0,0,0,0,0,0,0,0,0,0,0,0,0,0,0,0,0,0
xiaojin21cen/myth,52,0,52,0,4,3,3,0,0,0,0,0,8,8,0,0,29,15,0,0,6,0,6,0,0,0,0,0,0,0,14,4,0,0,0,0,0,0,0
hellodake/myth,3,0,3,0,1,0,0,0,0,0,0,0,0,0,0,0,0,0,0,0,0,0,0,0,0,0,0,0,0,0,3,3,0,0,0,0,0,0,0
Fly-Coder/myth,5,0,5,0,2,0,0,0,0,0,0,0,0,0,0,0,1,1,0,0,0,0,0,0,0,0,0,0,0,0,4,4,0,0,0,0,0,0,0
yinifeng/myth,0,0,0,0,0,0,0,0,0,0,0,0,0,0,0,0,0,0,0,0,0,0,0,0,0,0,0,0,0,0,0,0,0,0,0,0,0,0,0
kevines/myth,5,0,5,0,1,5,5,0,0,0,0,0,0,0,0,0,0,0,0,0,0,0,0,0,0,0,0,0,0,0,0,0,0,0,0,0,0,0,0
fanfantastic/myth,4,2,2,0,1,0,0,0,0,0,0,0,0,0,0,0,0,0,0,0,0,0,0,0,0,4,2,0,0,0,0,0,0,0,0,0,0,0,0
wxq8783/myth,0,0,0,0,0,0,0,0,0,0,0,0,0,0,0,0,0,0,0,0,0,0,0,0,0,0,0,0,0,0,0,0,0,0,0,0,0,0,0
mweidlut/myth,11,3,8,0,2,0,0,0,0,0,0,0,4,4,0,0,8,8,0,0,0,0,0,0,0,0,0,0,0,0,3,3,0,0,0,0,0,0,0
runnerFeng/myth,3,0,3,0,1,0,0,0,0,0,0,0,0,0,0,0,0,0,0,0,0,0,0,0,0,0,0,0,0,0,3,3,0,0,0,0,0,0,0
zhengweilin1/myth,3,0,3,0,1,0,0,0,0,0,0,0,3,1,0,0,3,1,0,0,0,0,0,0,0,0,0,0,0,0,0,0,0,0,0,0,0,0,0
ylh23y/myth,0,0,0,0,0,0,0,0,0,0,0,0,0,0,0,0,0,0,0,0,0,0,0,0,0,0,0,0,0,0,0,0,0,0,0,0,0,0,0
wiseks/myth,63,0,61,2,3,43,40,0,0,0,0,0,0,0,0,0,10,7,0,0,0,0,0,0,0,0,0,0,0,0,10,6,0,0,0,0,0,0,0
liangzhuo/myth,0,0,0,0,0,0,0,0,0,0,0,0,0,0,0,0,0,0,0,0,0,0,0,0,0,0,0,0,0,0,0,0,0,0,0,0,0,0,0
javachu/myth,50,4,46,0,7,31,31,0,0,0,0,0,1,1,0,0,9,9,0,0,1,0,1,0,0,0,0,0,0,0,6,6,0,0,0,0,0,0,3
wwjiang007/myth,0,0,0,0,0,0,0,0,0,0,0,0,0,0,0,0,0,0,0,0,0,0,0,0,0,0,0,0,0,0,0,0,0,0,0,0,0,0,0
lixianglife/myth,0,0,0,0,0,0,0,0,0,0,0,0,0,0,0,0,0,0,0,0,0,0,0,0,0,0,0,0,0,0,0,0,0,0,0,0,0,0,0
lnnlab/myth,7,3,4,0,4,4,4,0,0,0,0,0,0,0,0,0,1,1,0,0,0,0,0,0,0,0,0,0,0,0,0,0,0,0,0,0,0,0,2
411241940/myth,0,0,0,0,0,0,0,0,0,0,0,0,0,0,0,0,0,0,0,0,0,0,0,0,0,0,0,0,0,0,0,0,0,0,0,0,0,0,0
ITonyLi/myth,5,0,5,0,1,5,5,0,0,0,0,0,0,0,0,0,0,0,0,0,0,0,0,0,0,0,0,0,0,0,0,0,0,0,0,0,0,0,0
MaTr74/java-buildpack-auto-reconfiguration,1,0,1,0,1,0,0,0,0,0,0,0,1,1,0,0,1,1,0,0,0,0,0,0,0,0,0,0,0,0,0,0,0,0,0,0,0,0,0
inserpio/java-buildpack-auto-reconfiguration,1,1,0,0,1,1,1,0,0,0,0,0,0,0,0,0,0,0,0,0,0,0,0,0,0,0,0,0,0,0,0,0,0,0,0,0,0,0,0
glyn/vcap-java,5,3,2,0,3,2,1,0,0,0,0,0,1,1,0,0,2,2,0,0,0,0,0,0,0,0,0,0,0,0,0,0,0,0,0,0,0,0,1
CloudCredo/vcap-java,8,2,6,0,4,5,4,0,0,0,0,0,1,1,0,0,1,1,0,0,0,0,0,0,0,0,0,0,0,0,0,0,0,0,0,0,1,1,1
zxs/vcap-java,12,6,6,0,3,9,9,0,0,0,0,0,2,2,0,0,2,2,0,0,0,0,0,0,0,0,0,0,0,0,0,0,0,0,0,0,0,0,1
icpsha/vcap-java,48,44,2,2,7,32,32,1,1,1,0,0,7,6,0,0,9,8,0,0,0,0,0,0,0,2,1,0,0,0,1,1,0,0,0,0,0,0,2
bdelbosc/vcap-java,7,5,2,0,4,0,0,0,1,1,0,0,0,0,0,0,1,1,0,0,0,0,0,0,0,0,0,0,0,0,2,1,0,0,0,0,0,0,3
yan-bingquan/springBoot-study,2,0,2,0,2,1,1,1,0,0,0,0,0,0,0,0,0,0,0,0,0,0,0,0,0,0,0,0,0,0,0,0,0,0,0,0,0,0,0
JZxiaoxiao/springBoot-study,1,0,1,0,1,1,1,0,0,0,0,0,0,0,0,0,0,0,0,0,0,0,0,0,0,0,0,0,0,0,0,0,0,0,0,0,0,0,0
IThawk/springBoot-study,0,0,0,0,0,0,0,0,0,0,0,0,0,0,0,0,0,0,0,0,0,0,0,0,0,0,0,0,0,0,0,0,0,0,0,0,0,0,0
sts-yeqiu/springBoot-study,1,0,1,0,1,0,0,0,0,0,0,0,0,0,0,0,0,0,0,0,1,0,1,0,0,0,0,0,0,0,0,0,0,0,0,0,0,0,0
gybin02/springBoot-study,7,2,5,0,5,3,3,1,0,0,0,0,1,1,0,0,1,1,0,0,0,0,0,0,0,0,0,0,0,0,0,0,0,0,0,0,0,0,2
zengfanlin/springBoot-study,10,5,5,0,3,8,6,1,0,0,0,0,1,1,0,0,1,1,0,0,0,0,0,0,0,0,0,0,0,0,0,0,0,0,0,0,0,0,0
zbcstudy/springBoot-study,19,2,17,0,3,2,2,1,0,0,0,0,16,16,0,0,16,16,0,0,0,0,0,0,0,0,0,0,0,0,0,0,0,0,0,0,0,0,0
wavesCHJ/springBoot-study,12,2,10,0,5,3,3,2,0,0,0,0,4,3,0,0,4,3,0,0,0,0,0,0,0,0,0,0,0,0,0,0,0,0,0,0,0,0,3
silvercon/springBoot-study,208,185,23,0,8,30,30,1,1,1,0,0,1,1,0,0,170,170,0,0,0,0,0,0,0,0,0,0,0,0,1,1,1,1,0,0,0,0,4
Mount-Everest/springBoot-study,2,0,2,0,2,1,1,0,0,0,0,0,0,0,0,0,0,0,0,0,0,0,0,0,0,0,0,0,0,0,0,0,0,0,0,0,0,0,1
Estafet-LTD/spring-cloud-sleuth,0,0,0,0,0,0,0,0,0,0,0,0,0,0,0,0,0,0,0,0,0,0,0,0,0,0,0,0,0,0,0,0,0,0,0,0,0,0,0
javartisan/spring-cloud-sleuth,1,0,1,0,1,0,0,0,0,0,0,0,0,0,0,0,0,0,0,0,0,1,1,0,0,0,0,0,0,0,0,0,0,0,0,0,0,0,0
tkvangorder/spring-cloud-sleuth,16,11,5,0,5,11,11,0,0,0,0,0,2,2,0,0,2,2,0,0,0,1,1,0,0,0,0,0,0,0,0,0,0,0,0,0,1,1,1
fitzoh/spring-cloud-sleuth,1,1,0,0,1,1,1,0,0,0,0,0,0,0,0,0,0,0,0,0,0,0,0,0,0,0,0,0,0,0,0,0,0,0,0,0,0,0,0
kptfh/spring-cloud-sleuth,2,0,2,0,1,0,0,0,0,0,0,0,2,2,0,0,2,2,0,0,0,0,0,0,0,0,0,0,0,0,0,0,0,0,0,0,0,0,0
gopalkakularam/spring-cloud-sleuth,0,0,0,0,0,0,0,0,0,0,0,0,0,0,0,0,0,0,0,0,0,0,0,0,0,0,0,0,0,0,0,0,0,0,0,0,0,0,0
jalogar/spring-cloud-sleuth,8,2,6,0,2,7,4,0,0,0,0,0,0,0,0,0,0,0,0,0,0,0,0,0,0,0,0,0,0,0,0,0,0,0,0,0,0,0,1
marcosbarbero/spring-cloud-sleuth,5,2,3,0,3,3,3,0,0,0,0,0,1,1,0,0,1,1,0,0,0,0,0,0,0,0,0,0,0,0,0,0,0,0,0,0,0,0,1
wwjiang007/spring-cloud-sleuth,0,0,0,0,0,0,0,0,0,0,0,0,0,0,0,0,0,0,0,0,0,0,0,0,0,0,0,0,0,0,0,0,0,0,0,0,0,0,0
l30thelion/spring-cloud-sleuth,4,0,4,0,1,4,2,0,0,0,0,0,0,0,0,0,0,0,0,0,0,0,0,0,0,0,0,0,0,0,0,0,0,0,0,0,0,0,0
lightoze/spring-cloud-sleuth,2,0,2,0,1,2,2,0,0,0,0,0,0,0,0,0,0,0,0,0,0,0,0,0,0,0,0,0,0,0,0,0,0,0,0,0,0,0,0
urig/spring-cloud-sleuth,2,0,2,0,1,0,0,0,0,0,0,0,0,0,0,0,0,0,0,0,0,2,2,0,0,0,0,0,0,0,0,0,0,0,0,0,0,0,0
kamnowisz/spring-cloud-sleuth,1,0,1,0,1,1,1,0,0,0,0,0,0,0,0,0,0,0,0,0,0,0,0,0,0,0,0,0,0,0,0,0,0,0,0,0,0,0,0
team3/spring-cloud-sleuth,3,0,3,0,1,3,3,0,0,0,0,0,0,0,0,0,0,0,0,0,0,0,0,0,0,0,0,0,0,0,0,0,0,0,0,0,0,0,0
lukaszguz/spring-cloud-sleuth,20,5,15,0,3,14,5,0,0,0,0,0,4,2,0,0,4,2,0,0,0,0,0,0,0,0,0,0,0,0,0,0,0,0,0,0,0,0,2
tai6651/spring-cloud-sleuth,1,0,1,0,1,1,1,0,0,0,0,0,0,0,0,0,0,0,0,0,0,0,0,0,0,0,0,0,0,0,0,0,0,0,0,0,0,0,0
sun-jian/spring-cloud-sleuth,0,0,0,0,0,0,0,0,0,0,0,0,0,0,0,0,0,0,0,0,0,0,0,0,0,0,0,0,0,0,0,0,0,0,0,0,0,0,0
mohdshariq1/spring-cloud-sleuth,4,0,4,0,2,3,3,0,0,0,0,0,1,1,0,0,1,1,0,0,0,0,0,0,0,0,0,0,0,0,0,0,0,0,0,0,0,0,0
jamesdbowman/spring-cloud-sleuth,21,19,2,0,6,12,12,0,0,0,0,0,4,4,0,0,4,4,0,0,0,0,0,0,0,0,0,0,0,0,0,0,0,0,0,0,0,0,5
dagronnell/spring-cloud-sleuth,391,3,3,385,20,304,303,1,0,0,0,0,21,20,0,0,23,22,0,0,2,7,9,0,0,1,1,8,8,0,14,14,1,1,0,0,1,1,29
DealerDotCom/spring-cloud-sleuth,6,0,6,0,1,6,2,0,0,0,0,0,0,0,0,0,0,0,0,0,0,0,0,0,0,0,0,0,0,0,0,0,0,0,0,0,0,0,0
gavlyukovskiy/spring-cloud-sleuth,17,4,13,0,2,16,14,0,0,0,0,0,0,0,0,0,0,0,0,0,0,0,0,0,0,0,0,0,0,0,0,0,0,0,0,0,1,1,0
jumal/spring-cloud-sleuth,2,0,2,0,1,2,2,0,0,0,0,0,0,0,0,0,0,0,0,0,0,0,0,0,0,0,0,0,0,0,0,0,0,0,0,0,0,0,0
patilvikram/spring-cloud-sleuth,0,0,0,0,0,0,0,0,0,0,0,0,0,0,0,0,0,0,0,0,0,0,0,0,0,0,0,0,0,0,0,0,0,0,0,0,0,0,0
vigohe/spring-cloud-sleuth,1,0,1,0,1,0,0,0,0,0,0,0,0,0,0,0,0,0,0,0,0,1,1,0,0,0,0,0,0,0,0,0,0,0,0,0,0,0,0
premanandc/spring-cloud-sleuth,3,1,1,1,1,3,3,0,0,0,0,0,0,0,0,0,0,0,0,0,0,0,0,0,0,0,0,0,0,0,0,0,0,0,0,0,0,0,0
PranayPS/spring-cloud-sleuth,1,0,1,0,1,1,1,0,0,0,0,0,0,0,0,0,0,0,0,0,0,0,0,0,0,0,0,0,0,0,0,0,0,0,0,0,0,0,0
brockovercash/spring-cloud-sleuth,5,0,5,0,1,5,5,0,0,0,0,0,0,0,0,0,0,0,0,0,0,0,0,0,0,0,0,0,0,0,0,0,0,0,0,0,0,0,0
timoweiss/spring-cloud-sleuth,4,0,4,0,1,4,3,0,0,0,0,0,0,0,0,0,0,0,0,0,0,0,0,0,0,0,0,0,0,0,0,0,0,0,0,0,0,0,0
shivangshah/spring-cloud-sleuth,4,0,3,1,1,4,4,0,0,0,0,0,0,0,0,0,0,0,0,0,0,0,0,0,0,0,0,0,0,0,0,0,0,0,0,0,0,0,0
gauravrmazra/spring-cloud-sleuth,8,2,4,2,1,8,4,0,0,0,0,0,0,0,0,0,0,0,0,0,0,0,0,0,0,0,0,0,0,0,0,0,0,0,0,0,0,0,0
alexec/spring-cloud-sleuth,14,8,4,2,3,10,6,0,0,0,0,0,3,2,0,0,3,2,0,0,0,0,0,0,0,0,0,0,0,0,1,1,0,0,0,0,0,0,0
vangie/WebIDE-Backend,14,0,13,1,2,13,11,1,0,0,0,0,0,0,0,0,0,0,0,0,0,0,0,0,0,0,0,0,0,0,0,0,0,0,0,0,0,0,0
weibin900226/WebIDE-Backend,5,1,3,1,2,1,1,0,0,0,0,0,0,0,0,0,0,0,0,0,4,0,4,0,0,0,0,0,0,0,0,0,0,0,0,0,0,0,0
JohnChancfz/springboot-hadmin,9,2,6,1,6,1,1,2,0,0,0,0,0,0,0,0,0,0,0,0,0,0,0,0,0,0,0,0,0,0,0,0,0,0,0,0,0,0,6
qq991347306/springboot-hadmin,1,0,1,0,1,0,0,0,0,0,0,0,1,1,0,0,1,1,0,0,0,0,0,0,0,0,0,0,0,0,0,0,0,0,0,0,0,0,0
enterprising/springboot-hadmin,720,696,24,0,28,18,17,2,0,0,0,0,1,1,0,0,109,108,0,0,0,0,0,0,0,0,0,0,0,0,0,0,0,0,0,0,9,9,582
liuxinjie123/springboot-hadmin,234,107,22,105,7,16,16,2,0,0,0,0,2,1,0,0,209,105,0,0,0,0,0,0,0,0,0,0,0,0,0,0,0,0,0,0,0,0,7
moorefu/sofa-tracer,1,0,1,0,1,1,1,0,0,0,0,0,0,0,0,0,0,0,0,0,0,0,0,0,0,0,0,0,0,0,0,0,0,0,0,0,0,0,0
XiongChaoGoing/sofa-tracer,2,1,1,0,1,2,2,0,0,0,0,0,0,0,0,0,0,0,0,0,0,0,0,0,0,0,0,0,0,0,0,0,0,0,0,0,0,0,0
fredalxin/sofa-tracer,1,0,1,0,1,1,1,0,0,0,0,0,0,0,0,0,0,0,0,0,0,0,0,0,0,0,0,0,0,0,0,0,0,0,0,0,0,0,0
ITGrocery/sofa-tracer,1,0,1,0,1,1,1,0,0,0,0,0,0,0,0,0,0,0,0,0,0,0,0,0,0,0,0,0,0,0,0,0,0,0,0,0,0,0,0
glmapper/sofa-tracer,194,2,191,1,1,194,171,0,0,0,0,0,0,0,0,0,0,0,0,0,0,0,0,0,0,0,0,0,0,0,0,0,0,0,0,0,0,0,0
guanchao-yang/sofa-tracer,2,0,2,0,1,2,1,0,0,0,0,0,0,0,0,0,0,0,0,0,0,0,0,0,0,0,0,0,0,0,0,0,0,0,0,0,0,0,0
lynx-r/microservices-basics-spring-boot,3,0,3,0,1,0,0,0,0,0,0,0,0,0,0,0,0,0,0,0,0,0,0,0,0,0,0,0,0,0,3,2,0,0,0,0,0,0,0
apeixinho/microservices-basics-spring-boot,11,0,11,0,2,0,0,0,0,0,9,9,0,0,0,0,0,0,0,0,0,0,0,0,0,0,0,0,0,0,2,2,0,0,0,0,0,0,0
robotergarten/microservices-basics-spring-boot,2,1,1,0,2,0,0,0,0,0,0,0,0,0,0,0,0,0,0,0,0,0,0,0,0,0,0,0,0,0,1,1,0,0,0,0,0,0,1
hendisantika/microservices-basics-spring-boot,4,0,4,0,3,0,0,1,0,0,2,1,0,0,0,0,0,0,0,0,0,0,0,0,0,0,0,0,0,0,0,0,0,0,0,0,0,0,1
lhbtata/netty-learning-example,23,1,17,5,3,19,14,0,0,0,0,0,0,0,0,0,0,0,0,0,0,0,0,0,0,0,0,0,0,0,2,1,0,0,0,0,0,0,2
ahmian/iot_push,2,0,2,0,1,0,0,0,0,0,0,0,0,0,0,0,0,0,0,0,2,0,2,0,0,0,0,0,0,0,0,0,0,0,0,0,0,0,0
Watchet/spring-boot-vue-admin,1,0,1,0,1,0,0,0,0,0,0,0,0,0,0,0,0,0,0,0,1,0,1,0,0,0,0,0,0,0,0,0,0,0,0,0,0,0,0
233moutian/spring-boot-vue-admin,216,70,106,40,13,134,60,11,0,0,0,0,8,1,0,0,14,5,0,0,4,0,4,0,0,0,0,2,1,0,0,0,0,0,0,0,4,3,47
ymchao/ClusterDeviceControlPlatform,1,0,1,0,1,0,0,0,0,0,0,0,0,0,0,0,0,0,0,0,1,0,1,0,0,0,0,0,0,0,0,0,0,0,0,0,0,0,0
dandanding/spring-boot-demo,4,2,2,0,1,4,4,0,0,0,0,0,0,0,0,0,0,0,0,0,0,0,0,0,0,0,0,0,0,0,0,0,0,0,0,0,0,0,0
yuanmenghaixin/spring-boot-demo,51,28,23,0,6,5,5,6,0,0,0,0,1,1,0,0,1,1,0,0,0,0,0,1,1,0,0,0,0,0,0,0,0,0,0,0,0,0,38
Rever207/spring-boot-demo,7,6,1,0,2,0,0,0,0,0,0,0,1,1,0,0,6,6,0,0,0,0,0,0,0,0,0,0,0,0,0,0,0,0,0,0,0,0,1
linchen2chris/spring-boot-demo,9,3,6,0,3,7,5,0,0,0,0,0,1,1,0,0,1,1,0,0,0,0,0,0,0,0,0,0,0,0,0,0,0,0,0,0,0,0,1
ckbtr2015/spring-boot-demo,1,0,1,0,1,0,0,0,0,0,0,0,0,0,0,0,0,0,0,0,1,0,1,0,0,0,0,0,0,0,0,0,0,0,0,0,0,0,0
KEVINYZY/spring-boot-demo,1,0,1,0,1,0,0,0,0,0,0,0,0,0,0,0,0,0,0,0,1,0,1,0,0,0,0,0,0,0,0,0,0,0,0,0,0,0,0
jianvhen/spring-boot-demo,8,8,0,0,3,4,4,1,0,0,0,0,1,1,0,0,1,1,0,0,0,0,0,0,0,0,0,0,0,0,0,0,0,0,0,0,0,0,2
caob1234/spring-boot-demo,22,13,9,0,5,12,9,2,0,0,0,0,3,3,0,0,3,3,0,0,3,0,3,0,0,0,0,0,0,0,0,0,0,0,0,0,0,0,2
codingOnGithub/spring-boot-demo,0,0,0,0,0,0,0,0,0,0,0,0,0,0,0,0,0,0,0,0,0,0,0,0,0,0,0,0,0,0,0,0,0,0,0,0,0,0,0
RouteSubwayMap/spring-boot-demo,2,0,2,0,1,2,1,0,0,0,0,0,0,0,0,0,0,0,0,0,0,0,0,0,0,0,0,0,0,0,0,0,0,0,0,0,0,0,0
edgarlin/spring-boot-demo,4,1,2,1,1,4,3,0,0,0,0,0,0,0,0,0,0,0,0,0,0,0,0,0,0,0,0,0,0,0,0,0,0,0,0,0,0,0,0
lusong1986/spring-boot-demo,33,22,11,0,3,1,1,0,0,0,0,0,1,1,0,0,1,1,0,0,0,0,0,0,0,0,0,0,0,0,0,0,0,0,0,0,0,0,31
Shrimp-xue/spring-boot-demo,1,0,1,0,1,0,0,0,0,0,0,0,0,0,0,0,0,0,0,0,1,0,1,0,0,0,0,0,0,0,0,0,0,0,0,0,0,0,0
keephunny/spring-boot-demo,11,11,0,0,1,0,0,0,0,0,0,0,0,0,0,0,0,0,0,0,0,0,0,0,0,0,0,0,0,0,0,0,0,0,0,0,0,0,11
Babywolf1992/spring-boot-demo,10,9,1,0,3,0,0,0,0,0,0,0,0,0,0,0,8,7,0,0,0,0,0,0,0,0,0,0,0,0,0,0,0,0,0,0,0,0,2
hdl03/spring-boot-demo,3,0,3,0,1,0,0,0,0,0,0,0,3,1,0,0,3,1,0,0,0,0,0,0,0,0,0,0,0,0,0,0,0,0,0,0,0,0,0
chenjianyao/spring-boot-demo,0,0,0,0,0,0,0,0,0,0,0,0,0,0,0,0,0,0,0,0,0,0,0,0,0,0,0,0,0,0,0,0,0,0,0,0,0,0,0
zdy1123812598/miaosha,21,0,21,0,4,3,3,10,0,0,0,0,0,0,0,0,7,7,0,0,0,0,0,0,0,0,0,0,0,0,0,0,0,0,0,0,0,0,1
vicat2019/miaosha,0,0,0,0,0,0,0,0,0,0,0,0,0,0,0,0,0,0,0,0,0,0,0,0,0,0,0,0,0,0,0,0,0,0,0,0,0,0,0
superliu213/miaosha,1,0,1,0,1,0,0,1,0,0,0,0,0,0,0,0,0,0,0,0,0,0,0,0,0,0,0,0,0,0,0,0,0,0,0,0,0,0,0
yubaoqi/miaosha,0,0,0,0,0,0,0,0,0,0,0,0,0,0,0,0,0,0,0,0,0,0,0,0,0,0,0,0,0,0,0,0,0,0,0,0,0,0,0
ThinkHuang/miaosha,6,0,6,0,3,3,3,2,0,0,0,0,0,0,0,0,1,1,0,0,0,0,0,0,0,0,0,0,0,0,0,0,0,0,0,0,0,0,0
Marksman111/miaosha,0,0,0,0,0,0,0,0,0,0,0,0,0,0,0,0,0,0,0,0,0,0,0,0,0,0,0,0,0,0,0,0,0,0,0,0,0,0,0
imloama/miaosha,1,0,1,0,1,0,0,0,0,0,0,0,0,0,0,0,0,0,0,0,1,0,1,0,0,0,0,0,0,0,0,0,0,0,0,0,0,0,0
jeffreyji1989/miaosha,0,0,0,0,0,0,0,0,0,0,0,0,0,0,0,0,0,0,0,0,0,0,0,0,0,0,0,0,0,0,0,0,0,0,0,0,0,0,0
pangjianfei/miaosha,33,10,23,0,4,25,21,3,0,0,0,0,4,1,0,0,4,1,0,0,1,0,1,0,0,0,0,0,0,0,0,0,0,0,0,0,0,0,0
edagarli/miaosha,2,0,2,0,1,0,0,0,0,0,0,0,0,0,0,0,0,0,0,0,2,0,2,0,0,0,0,0,0,0,0,0,0,0,0,0,0,0,0
qiankeqin/miaosha,0,0,0,0,0,0,0,0,0,0,0,0,0,0,0,0,0,0,0,0,0,0,0,0,0,0,0,0,0,0,0,0,0,0,0,0,0,0,0
herofire/miaosha,0,0,0,0,0,0,0,0,0,0,0,0,0,0,0,0,0,0,0,0,0,0,0,0,0,0,0,0,0,0,0,0,0,0,0,0,0,0,0
471362807/miaosha,0,0,0,0,0,0,0,0,0,0,0,0,0,0,0,0,0,0,0,0,0,0,0,0,0,0,0,0,0,0,0,0,0,0,0,0,0,0,0
cuidq/miaosha,0,0,0,0,0,0,0,0,0,0,0,0,0,0,0,0,0,0,0,0,0,0,0,0,0,0,0,0,0,0,0,0,0,0,0,0,0,0,0
yuchengwei/miaosha,0,0,0,0,0,0,0,0,0,0,0,0,0,0,0,0,0,0,0,0,0,0,0,0,0,0,0,0,0,0,0,0,0,0,0,0,0,0,0
stu012736/miaosha,4,0,4,0,1,0,0,0,0,0,0,0,0,0,0,0,0,0,0,0,4,0,4,0,0,0,0,0,0,0,0,0,0,0,0,0,0,0,0
DIVERGENTGIT/miaosha,2,2,0,0,2,0,0,0,0,0,0,0,0,0,0,0,0,0,0,0,0,0,0,0,0,0,0,0,0,0,0,0,0,0,0,0,0,0,2
pgs3583380/miaosha,2,1,1,0,1,0,0,0,0,0,0,0,0,0,0,0,0,0,0,0,2,0,2,0,0,0,0,0,0,0,0,0,0,0,0,0,0,0,0
posaunehm/isolating-the-domain,0,0,0,0,0,0,0,0,0,0,0,0,0,0,0,0,0,0,0,0,0,0,0,0,0,0,0,0,0,0,0,0,0,0,0,0,0,0,0
KentoNishio/isolating-the-domain,7,3,4,0,3,4,4,1,0,0,0,0,0,0,0,0,0,0,0,0,0,0,0,0,0,0,0,0,0,0,0,0,0,0,0,0,0,0,2
fffy2366/isolating-the-domain,120,62,49,9,11,59,39,7,7,3,5,1,0,0,0,0,28,17,0,0,6,0,6,0,0,0,0,0,0,0,0,0,0,0,0,0,0,0,8
kumarandhanapal/boot-examples,6,0,6,0,2,1,1,0,0,0,0,0,5,2,0,0,5,2,0,0,0,0,0,0,0,0,0,0,0,0,0,0,0,0,0,0,0,0,0
hedgo/boot-examples,1,0,1,0,1,0,0,0,0,0,0,0,0,0,0,0,0,0,0,0,1,0,1,0,0,0,0,0,0,0,0,0,0,0,0,0,0,0,0
hchu1234/boot-examples,3,0,3,0,2,1,1,0,0,0,0,0,2,2,0,0,2,2,0,0,0,0,0,0,0,0,0,0,0,0,0,0,0,0,0,0,0,0,0
mraible/boot-examples,34,25,9,0,8,6,5,1,0,0,0,0,3,1,0,0,3,1,0,0,0,0,0,0,0,0,0,0,0,0,0,0,0,0,0,0,0,0,24
Heapy/TelegramBots,100,26,3,71,12,49,49,3,0,0,0,0,7,7,0,0,7,7,1,1,11,3,14,0,0,0,0,0,0,0,0,0,0,0,12,12,0,0,14
Systemoutprintln7/TelegramBots,2,0,2,0,1,2,2,0,0,0,0,0,0,0,0,0,0,0,0,0,0,0,0,0,0,0,0,0,0,0,0,0,0,0,0,0,0,0,0
galimru/TelegramBots,55,0,55,0,2,11,8,0,0,0,0,0,44,8,0,0,44,8,0,0,0,0,0,0,0,0,0,0,0,0,0,0,0,0,0,0,0,0,0
ZzetT/TelegramBots,115,0,26,89,5,97,85,2,0,0,0,0,10,7,0,0,10,7,0,0,5,0,5,0,0,0,0,0,0,0,0,0,0,0,0,0,0,0,1
kruchinin-pavel/TelegramBots,5,0,5,0,1,5,3,0,0,0,0,0,0,0,0,0,0,0,0,0,0,0,0,0,0,0,0,0,0,0,0,0,0,0,0,0,0,0,0
irrisor/TelegramBots,2,0,2,0,2,1,1,0,0,0,0,0,1,1,0,0,1,1,0,0,0,0,0,0,0,0,0,0,0,0,0,0,0,0,0,0,0,0,0
Saberos/TelegramBots,1,0,1,0,1,0,0,0,0,0,0,0,0,0,0,0,0,0,0,0,1,0,1,0,0,0,0,0,0,0,0,0,0,0,0,0,0,0,0
greatfarmer/TelegramBots,0,0,0,0,0,0,0,0,0,0,0,0,0,0,0,0,0,0,0,0,0,0,0,0,0,0,0,0,0,0,0,0,0,0,0,0,0,0,0
EgorBochkarev/TelegramBots,7,6,1,0,3,4,4,0,0,0,0,0,2,2,0,0,2,2,0,0,1,0,1,0,0,0,0,0,0,0,0,0,0,0,0,0,0,0,0
kozlov5/TelegramBots,4,4,0,0,2,2,2,0,0,0,1,1,0,0,0,0,0,0,0,0,0,0,0,0,0,0,0,0,0,0,0,0,0,0,0,0,0,0,1
homich1991/TelegramBots,6,4,2,0,4,2,2,0,0,0,0,0,2,2,0,0,2,2,0,0,1,0,1,0,0,0,0,0,0,0,0,0,0,0,0,0,0,0,1
bvn13/TelegramBots,31,1,30,0,2,30,13,0,0,0,0,0,0,0,0,0,0,0,0,0,1,0,1,0,0,0,0,0,0,0,0,0,0,0,0,0,0,0,0
kinkuraj/TelegramBots,0,0,0,0,0,0,0,0,0,0,0,0,0,0,0,0,0,0,0,0,0,0,0,0,0,0,0,0,0,0,0,0,0,0,0,0,0,0,0
tom139/TelegramBots,2,0,2,0,1,2,2,0,0,0,0,0,0,0,0,0,0,0,0,0,0,0,0,0,0,0,0,0,0,0,0,0,0,0,0,0,0,0,0
McPringle/TelegramBots,1,0,1,0,1,0,0,0,0,0,0,0,0,0,0,0,0,0,0,0,1,0,1,0,0,0,0,0,0,0,0,0,0,0,0,0,0,0,0
devbridie/TelegramBots,1,0,1,0,1,1,1,0,0,0,0,0,0,0,0,0,0,0,0,0,0,0,0,0,0,0,0,0,0,0,0,0,0,0,0,0,0,0,0
asciimo71/TelegramBots,1,0,1,0,1,1,1,0,0,0,0,0,0,0,0,0,0,0,0,0,0,0,0,0,0,0,0,0,0,0,0,0,0,0,0,0,0,0,0
JetCoder1/TelegramBots,2,1,0,1,1,1,1,0,0,0,0,0,0,0,0,0,0,0,0,0,0,0,0,0,0,0,0,0,0,0,0,0,0,0,0,0,0,0,1
smaznet/TelegramBots,129,7,103,19,6,120,120,0,0,0,0,0,2,2,0,0,2,2,0,0,0,0,0,0,0,0,0,0,0,0,0,0,0,0,0,0,4,4,3
rrahozhyn/TelegramBots,5,5,0,0,1,5,5,0,0,0,0,0,0,0,0,0,0,0,0,0,0,0,0,0,0,0,0,0,0,0,0,0,0,0,0,0,0,0,0
Tillerino/TelegramBots,2,0,2,0,1,2,2,0,0,0,0,0,0,0,0,0,0,0,0,0,0,0,0,0,0,0,0,0,0,0,0,0,0,0,0,0,0,0,0
jadow/TelegramBots,254,125,7,122,9,4,2,3,0,0,0,0,2,1,0,0,2,1,0,0,0,0,0,0,0,0,0,0,0,0,0,0,0,0,0,0,0,0,245
jgabrielfreitas/TelegramBots,1,0,1,0,1,0,0,0,0,0,0,0,0,0,0,0,0,0,0,0,1,0,1,0,0,0,0,0,0,0,0,0,0,0,0,0,0,0,0
jesusnoseq/TelegramBots,1,0,1,0,1,1,1,0,0,0,0,0,0,0,0,0,0,0,0,0,0,0,0,0,0,0,0,0,0,0,0,0,0,0,0,0,0,0,0
Mit0x2/TelegramBots,0,0,0,0,0,0,0,0,0,0,0,0,0,0,0,0,0,0,0,0,0,0,0,0,0,0,0,0,0,0,0,0,0,0,0,0,0,0,0
bytex/TelegramBots,62,1,5,56,4,5,2,0,0,0,0,0,0,0,0,0,55,54,0,0,0,0,0,0,0,0,0,0,0,0,0,0,0,0,0,0,0,0,2
VLegakis/TelegramBots,10,8,2,0,4,5,5,0,0,0,0,0,0,0,0,0,0,0,0,0,0,0,0,0,0,0,0,0,0,0,0,0,0,0,0,0,0,0,5
yeoupooh/TelegramBots,6,2,4,0,3,1,1,0,0,0,1,1,0,0,0,0,0,0,0,0,0,0,0,0,0,0,0,0,0,0,0,0,0,0,0,0,0,0,4
Vinpasso/TelegramBots,1,0,1,0,1,1,1,0,0,0,0,0,0,0,0,0,0,0,0,0,0,0,0,0,0,0,0,0,0,0,0,0,0,0,0,0,0,0,0
Onedy/DominosBot,1,0,1,0,1,0,0,0,0,0,0,0,1,1,0,0,1,1,0,0,0,0,0,0,0,0,0,0,0,0,0,0,0,0,0,0,0,0,0
swoopyy/TelegramBots,8,0,8,0,3,6,5,0,0,0,0,0,0,0,0,0,1,1,0,0,0,0,0,0,0,0,0,0,0,0,0,0,0,0,0,0,0,0,1
lozo2010/TelegramBots,0,0,0,0,0,0,0,0,0,0,0,0,0,0,0,0,0,0,0,0,0,0,0,0,0,0,0,0,0,0,0,0,0,0,0,0,0,0,0
dualven/Spring-Security,19,14,5,0,8,1,1,1,0,0,0,0,0,0,0,0,0,0,0,0,2,0,2,0,0,0,0,0,0,0,0,0,0,0,0,0,1,1,14
yiranleng/Spring-Security,13,4,7,2,3,7,7,1,0,0,0,0,0,0,0,0,0,0,0,0,0,0,0,0,0,0,0,0,0,0,0,0,0,0,0,0,0,0,5
CoderFreeMan/config-toolkit,1,0,1,0,1,0,0,0,0,0,0,0,1,1,0,0,1,1,0,0,0,0,0,0,0,0,0,0,0,0,0,0,0,0,0,0,0,0,0
copyshop/config-toolkit,1,0,1,0,1,1,1,0,0,0,0,0,0,0,0,0,0,0,0,0,0,0,0,0,0,0,0,0,0,0,0,0,0,0,0,0,0,0,0
chenyingjun/config-toolkit,4,0,4,0,1,4,4,0,0,0,0,0,0,0,0,0,0,0,0,0,0,0,0,0,0,0,0,0,0,0,0,0,0,0,0,0,0,0,0
ycadmin/yc-config-toolkit,90,34,29,27,14,55,55,2,0,0,0,0,7,7,0,0,11,11,0,0,1,0,1,0,0,0,0,0,0,0,1,1,0,0,0,0,0,0,20
smallchen28/config-toolkit,1,1,0,0,1,0,0,0,0,0,0,0,0,0,0,0,1,1,0,0,0,0,0,0,0,0,0,0,0,0,0,0,0,0,0,0,0,0,0
zhenglu1989/config-toolkit,5,0,5,0,3,1,1,1,0,0,0,0,0,0,0,0,0,0,0,0,0,0,0,0,0,0,0,0,0,0,0,0,0,0,0,0,0,0,3
xinmiao0377/config-toolkit,3,0,3,0,1,0,0,0,0,0,0,0,3,1,0,0,3,1,0,0,0,0,0,0,0,0,0,0,0,0,0,0,0,0,0,0,0,0,0
k4124k/config-toolkit,29,0,28,1,3,11,10,0,0,0,0,0,13,6,0,0,13,6,0,0,5,0,5,0,0,0,0,0,0,0,0,0,0,0,0,0,0,0,0
suqcnn/config-toolkit,1,1,0,0,1,0,0,0,0,0,0,0,0,0,0,0,0,0,0,0,0,0,0,0,0,1,1,0,0,0,0,0,0,0,0,0,0,0,0
eisig/config-toolkit,0,0,0,0,0,0,0,0,0,0,0,0,0,0,0,0,0,0,0,0,0,0,0,0,0,0,0,0,0,0,0,0,0,0,0,0,0,0,0
zhangwei5095/config-toolkit,0,0,0,0,0,0,0,0,0,0,0,0,0,0,0,0,0,0,0,0,0,0,0,0,0,0,0,0,0,0,0,0,0,0,0,0,0,0,0
chenld/config-toolkit,261,112,53,96,13,49,27,0,0,0,0,0,1,1,0,0,127,65,0,0,1,0,1,0,0,0,0,0,0,0,0,0,0,0,0,0,0,0,84
kangfoo/config-toolkit,23,0,23,0,4,12,12,2,0,0,0,0,2,1,0,0,6,5,0,0,3,0,3,0,0,0,0,0,0,0,0,0,0,0,0,0,0,0,0
majinkai/config-toolkit,1,0,1,0,1,0,0,0,0,0,0,0,0,0,0,0,0,0,0,0,0,0,0,0,0,0,0,0,0,0,0,0,0,0,0,0,0,0,1
,53595,19096,25746,8753,2479,20767,16097,772,299,181,160,59,5847,1483,0,0,11322,5689,26,25,1421,171,1592,9,9,142,116,177,129,72,401,177,13,12,12,12,195,169,17708
,,,,,,,,,,,,,,,,,,,,,,,,,,,,,,,,,,,,,,,
,,,,,,,,,,spring,,,,,,,,,,,,,,,,,,,,,,,,,,,,,
,,,,,,,,,extension,#,%,,,,,,,,,,,,,,,,,,,,,,,,,,,,
,,,,,,,,,java,20767,"38,75%",,,,,,,,,,,,,,,,,,,,,,,,,,,,
,,,,,,,,,xml,11322,"21,13%",,,,,,,,,,,,,,,,,,,,,,,,,,,,
,,,,,,,,,md,1421,"2,65%",,,,,,,,,,,,,,,,,,,,,,,,,,,,
,,,,,,,,,properties,772,"1,44%",,,,,,,,,,,,,,,,,,,,,,,,,,,,
,,,,,,,,,yml,401,"0,75%",,,,,,,,,,,,,,,,,,,,,,,,,,,,
,,,,,,,,,other,17708,"33,04%",,,,,,,,,,,,,,,,,,,,,,,,,,,,
,,,,,,,,,,,,,,,,,,,,,,,,,,,,,,,,,,,,,,,
,,,,,,,,,files,#,%,,,,,,,,,,,,,,,,,,,,,,,,,,,,
read,1592,"2,97%",,,,,,,pom.xml,5847,"10,91%",,,,,,,,,,,,,,,,,,,,,,,,,,,,
,,,,,,,,,build.gradle,160,"0,30%",,,,,,,,,,,,,,,,,,,,,,,,,,,,
,,,,,,,,,travisyml,72,"0,13%",,,,,,,,,,,,,,,,,,,,,,,,,,,,
,,,,,,,,,,,,,,,,,,,,,,,,,,,,,,,,,,,,,,,
,,,,,,,,,file action,#,%,,,,,,,,,,,,,,,,,,,,,,,,,,,,
json,195,"0,36%",,,,,,,modify,25746,"48,04%",,,,,,,,,,,,,,,,,,,,,,,,,,,,
sh,177,"0,33%",,,,,,,add,19096,"35,63%",,,,,,,,,,,,,,,,,,,,,,,,,,,,
adoc,171,"0,32%",,,,,,,delete,8753,"16,33%",,,,,,,,,,,,,,,,,,,,,,,,,,,,
,,,,,,,,,total,53595,"100,00%",,,,,,,,,,,,,,,,,,,,,,,,,,,,
txt,142,"0,26%",,,,,,,,,,,,,,,,,,,,,,,,,,,,,,,,,,,,,
,,,,,,,,,,,,,,,,,,,,,,,,,,,,,,,,,,,,,,,
bat,26,"0,05%",,,,,,,,,,,,,,,,,,,,,,,,,,,,,,,,,,,,,
cmd,13,"0,02%",,,,,,,,,,,,,,,,,,,,,,,,,,,,,,,,,,,,,
kt,12,"0,02%",,,,,,,,,,,,,,,,,,,,,,,,,,,,,,,,,,,,,
yaml,9,"0,02%",,,,,,,,,,,,,,,,,,,,,,,,,,,,,,,,,,,,,
manifest.xml,0,"0,00%",,,,,,,,,,,,,,,,,,,,,,,,,,,,,,,,,,,,,
